ID,1Y,2Y,3Y,4Y,5Y,7Y,10Y,15Y,20Y,25Y
2008-12-31,1.850288,2.135570,2.434320,2.699029,2.923771,3.270207,3.601219,3.845773,3.883634,3.822397
2008-12-30,1.844579,2.139952,2.437146,2.699363,2.922644,3.268685,3.601130,3.847234,3.884940,3.822716
2008-12-29,1.818653,2.132258,2.434718,2.696169,2.917155,3.259413,3.589542,3.835225,3.873369,3.811580
2008-12-24,1.872104,2.156863,2.447199,2.705484,2.926366,3.269561,3.599857,3.845328,3.884116,3.823495
2008-12-23,1.866808,2.164336,2.451108,2.705411,2.924321,3.267588,3.600525,3.848113,3.886036,3.823223
2008-12-22,1.875102,2.163897,2.456679,2.714915,2.934477,3.274093,3.599548,3.839094,3.873647,3.809748
2008-12-19,1.898443,2.178771,2.469265,2.728170,2.949259,3.291676,3.619553,3.860913,3.896422,3.833206
2008-12-18,1.924357,2.232010,2.536942,2.794025,3.006424,3.328403,3.632056,3.849348,3.872141,3.801671
2008-12-17,1.937635,2.259259,2.571250,2.826039,3.033404,3.346963,3.647483,3.876331,3.918376,3.867644
2008-12-16,2.066936,2.431902,2.732318,2.968340,3.160874,3.456853,3.748173,3.980676,4.034279,3.996611
2008-12-15,2.104512,2.466323,2.763931,3.000353,3.195091,3.497625,3.799835,4.048609,4.115367,4.088514
2008-12-12,2.086501,2.455492,2.753702,2.983275,3.168585,3.452320,3.733437,3.965152,4.028133,4.003430
2008-12-11,2.106164,2.492642,2.792027,3.018198,3.199240,3.474752,3.746125,3.967984,4.026278,3.999695
2008-12-10,2.129562,2.539024,2.832504,3.049452,3.222061,3.483970,3.741507,3.951787,4.006476,3.980152
2008-12-09,2.170693,2.556855,2.836757,3.046067,3.213463,3.467439,3.714561,3.908168,3.947366,3.907148
2008-12-08,2.110702,2.464990,2.744888,2.958610,3.129725,3.387396,3.632553,3.811721,3.831230,3.770579
2008-12-05,2.056937,2.390103,2.675612,2.896454,3.072323,3.334143,3.578932,3.752295,3.766417,3.703015
2008-12-04,1.973978,2.296260,2.598861,2.835958,3.022080,3.290187,3.524495,3.659708,3.630146,3.525246
2008-12-03,2.015963,2.304976,2.621154,2.874629,3.062487,3.302098,3.488272,3.631244,3.701036,3.741749
2008-12-02,2.095972,2.341353,2.608340,2.846276,3.043087,3.327025,3.574547,3.774192,3.871967,3.928697
2008-12-01,2.110370,2.340920,2.601154,2.840367,3.043460,3.345047,3.615884,3.837978,3.946994,4.010111
2008-11-28,2.103684,2.374004,2.664144,2.921084,3.132643,3.436254,3.699271,3.910369,4.013435,4.073074
2008-11-27,2.161461,2.431429,2.715712,2.968565,3.178581,3.483573,3.751187,3.967421,4.073051,4.134102
2008-11-26,2.173123,2.419216,2.695589,2.947779,3.160203,3.472302,3.748869,3.973419,4.083173,4.146570
2008-11-25,2.211945,2.430529,2.693737,2.943675,3.160359,3.488283,3.787532,4.034495,4.155477,4.225201
2008-11-24,2.167483,2.348626,2.619835,2.890732,3.129230,3.491426,3.820521,4.090424,4.222150,4.297878
2008-11-21,2.156654,2.355852,2.622216,2.885881,3.120147,3.482650,3.820302,4.102009,4.240078,4.319394
2008-11-20,2.142981,2.320369,2.585897,2.856042,3.098489,3.475514,3.827306,4.120707,4.264363,4.346798
2008-11-19,2.280553,2.444743,2.689114,2.943683,3.177866,3.553081,3.914804,4.222792,4.374236,4.460930
2008-11-18,2.341169,2.487340,2.713054,2.965213,3.205957,3.598357,3.975018,4.290779,4.444754,4.532681
2008-11-17,2.340986,2.504208,2.744312,2.995584,3.229274,3.610651,3.987551,4.314569,4.476152,4.568433
2008-11-14,2.414338,2.562959,2.790626,3.032476,3.259586,3.633945,4.007911,4.334901,4.496892,4.589399
2008-11-13,2.386601,2.498882,2.726355,2.987317,3.235717,3.636025,4.014671,4.328962,4.481748,4.568938
2008-11-12,2.404539,2.540141,2.780913,3.041277,3.282115,3.662916,4.018815,4.313087,4.456249,4.538088
2008-11-11,2.623101,2.612236,2.794065,3.052057,3.303209,3.696428,4.049656,4.332905,4.469684,4.547892
2008-11-10,2.732836,2.649830,2.837120,3.103524,3.355040,3.735184,4.065686,4.326891,4.452912,4.525093
2008-11-07,2.744140,2.648411,2.832503,3.100270,3.354646,3.740598,4.076994,4.343021,4.471312,4.544748
2008-11-06,2.760648,2.729390,2.925876,3.191066,3.439825,3.815977,4.143862,4.403339,4.528456,4.600034
2008-11-05,2.923645,2.739573,2.956062,3.249590,3.508682,3.874140,4.174086,4.406148,4.517946,4.582038
2008-11-04,2.908555,2.718191,2.977447,3.290642,3.550833,3.900313,4.177800,4.390742,4.493438,4.552413
2008-11-03,2.916264,2.739784,3.000383,3.311860,3.570235,3.917220,4.192783,4.404266,4.506253,4.564812
2008-10-31,2.867749,2.680680,2.956476,3.278114,3.540765,3.889014,4.163341,4.373527,4.474934,4.533199
2008-10-30,2.919540,2.719287,2.963550,3.266685,3.521164,3.865519,4.140229,4.351339,4.453215,4.511761
2008-10-29,2.898300,2.681259,2.949725,3.266202,3.521742,3.856240,4.117494,4.317436,4.414025,4.469611
2008-10-28,2.868572,2.650516,2.930353,3.249136,3.502969,3.832257,4.088252,4.284085,4.378755,4.433281
2008-10-27,2.899180,2.707035,2.968646,3.266449,3.505068,3.816646,4.059983,4.246432,4.336659,4.388685
2008-10-24,2.931250,2.777071,3.036466,3.316102,3.535316,3.817547,4.036436,4.204139,4.285430,4.332388
2008-10-23,2.972602,2.834071,3.064360,3.331898,3.551748,3.845425,4.078240,4.257283,4.343958,4.393944
2008-10-22,3.013985,2.857251,3.078388,3.350718,3.580878,3.894920,4.147154,4.341522,4.435436,4.489469
2008-10-21,3.127369,2.950990,3.186454,3.465715,3.695034,4.000260,4.241361,4.426357,4.515690,4.567050
2008-10-20,3.118323,2.982054,3.254690,3.543138,3.768345,4.057764,4.281935,4.453364,4.536193,4.583839
2008-10-17,3.106208,2.917152,3.206114,3.513130,3.744284,4.030795,4.248195,4.413980,4.494155,4.540326
2008-10-16,3.082266,3.112821,3.346316,3.597674,3.813300,4.120603,4.378357,4.579931,4.677143,4.732815
2008-10-15,3.146172,3.204939,3.458865,3.707488,3.907685,4.177307,4.394014,4.561347,4.642149,4.688551
2008-10-14,3.119316,3.178848,3.532400,3.797781,3.972744,4.176463,4.328238,4.444152,4.500381,4.532849
2008-10-13,3.114198,3.091059,3.444035,3.729474,3.922629,4.149798,4.319356,4.448753,4.511466,4.547644
2008-10-10,3.124135,2.986106,3.331788,3.610984,3.799057,4.019956,4.184858,4.310822,4.371977,4.407340
2008-10-09,3.170303,3.050538,3.384870,3.638850,3.805113,3.998076,4.141809,4.251728,4.305181,4.336145
2008-10-08,3.202258,3.085598,3.379101,3.600674,3.745032,3.912304,4.036959,4.132421,4.178941,4.205957
2008-10-07,3.202258,3.085598,3.379101,3.600674,3.745032,3.912304,4.036959,4.132421,4.178941,4.205957
2008-10-06,3.322496,3.142683,3.294952,3.490873,3.658649,3.889652,4.076449,4.221037,4.291210,4.331777
2008-10-03,3.404011,3.301697,3.443344,3.619096,3.771087,3.982592,4.153676,4.285131,4.348763,4.385536
2008-10-02,3.539473,3.472314,3.567262,3.705107,3.839966,4.054503,4.252191,4.414049,4.493048,4.538521
2008-10-01,3.591475,3.573752,3.658302,3.774875,3.892289,4.089655,4.284689,4.452335,4.535292,4.583044
2008-09-30,3.603122,3.592306,3.659855,3.759670,3.867369,4.064984,4.282269,4.485870,4.590113,4.650259
2008-09-29,3.749536,3.658102,3.686894,3.771629,3.877097,4.086205,4.327222,4.557352,4.675315,4.743120
2008-09-26,3.871213,3.840269,3.870922,3.935000,4.014561,4.180814,4.390869,4.612094,4.732173,4.802190
2008-09-25,3.966967,3.938077,3.961419,4.014989,4.083846,4.232406,4.426468,4.636644,4.752470,4.820297
2008-09-24,3.984769,3.932545,3.940709,3.985216,4.049384,4.196498,4.396578,4.618435,4.741929,4.814382
2008-09-23,4.079003,4.043560,4.047120,4.080127,4.132451,4.263043,4.455787,4.683220,4.813723,4.890792
2008-09-22,4.140020,4.112073,4.110701,4.135134,4.179063,4.297851,4.484136,4.712518,4.845787,4.924779
2008-09-19,4.101936,4.012115,3.996355,4.025126,4.078849,4.214995,4.412064,4.640811,4.771902,4.849578
2008-09-18,4.011584,3.872955,3.834797,3.857810,3.915281,4.070070,4.294863,4.547940,4.688384,4.770473
2008-09-17,4.006452,3.842859,3.800322,3.825817,3.886525,4.042734,4.258159,4.489828,4.615364,4.688450
2008-09-16,3.941833,3.758426,3.709699,3.735315,3.798735,3.961890,4.185276,4.423693,4.552434,4.627373
2008-09-15,4.031046,3.836727,3.768480,3.778611,3.833072,3.993053,4.226115,4.479842,4.616615,4.695884
2008-09-12,4.146950,4.006047,3.943550,3.940866,3.976914,4.101638,4.298264,4.520918,4.642702,4.713551
2008-09-11,4.131667,3.960473,3.876374,3.861856,3.893172,4.019147,4.223869,4.455483,4.581530,4.654763
2008-09-10,4.163060,4.016822,3.940607,3.927844,3.958134,4.077538,4.267618,4.477631,4.590364,4.655717
2008-09-09,4.186470,4.036161,3.951135,3.934468,3.964833,4.087889,4.280052,4.486467,4.595555,4.658599
2008-09-08,4.184937,4.033481,3.945422,3.924539,3.950657,4.067311,4.255212,4.460384,4.569563,4.632763
2008-09-05,4.156129,3.980724,3.878751,3.849311,3.870539,3.984759,4.177732,4.393874,4.510194,4.577692
2008-09-04,4.205379,4.079932,4.000636,3.980528,4.003905,4.112074,4.288427,4.481810,4.584815,4.644469
2008-09-03,4.201614,4.101130,4.044575,4.034823,4.059070,4.157030,4.317088,4.497567,4.595420,4.652343
2008-09-02,4.204586,4.127097,4.085332,4.083090,4.109659,4.203930,4.352623,4.518188,4.607610,4.659626
2008-09-01,4.165088,4.055268,4.001642,3.996908,4.024735,4.123642,4.276475,4.443396,4.532759,4.584699
2008-08-29,4.206183,4.142080,4.104316,4.097944,4.116115,4.191860,4.322392,4.477780,4.564721,4.615770
2008-08-28,4.233365,4.189469,4.150259,4.136902,4.148521,4.217585,4.349421,4.513516,4.606805,4.661704
2008-08-27,4.202760,4.127482,4.076137,4.064154,4.084621,4.178178,4.340944,4.532464,4.638399,4.700225
2008-08-26,4.139110,4.012446,3.946260,3.935047,3.962081,4.071108,4.250027,4.453755,4.564962,4.629717
2008-08-25,4.180632,4.074404,4.013670,4.000386,4.021972,4.117760,4.280248,4.468207,4.571441,4.631667
2008-08-22,4.220890,4.150663,4.109321,4.101969,4.121505,4.204990,4.352084,4.531135,4.632617,4.692299
2008-08-21,4.197839,4.102618,4.049217,4.039027,4.061157,4.156005,4.319480,4.513634,4.622042,4.685500
2008-08-20,4.145229,4.008055,3.938977,3.927921,3.956021,4.066879,4.246238,4.448410,4.558249,4.622153
2008-08-19,4.120998,3.974465,3.904956,3.898075,3.932093,4.054497,4.245350,4.455970,4.569309,4.635082
2008-08-18,4.162531,4.036800,3.969925,3.960396,3.990490,4.104761,4.284557,4.481779,4.587303,4.648480
2008-08-15,4.177838,4.066450,4.005034,3.997503,4.028100,4.141497,4.318496,4.511558,4.614543,4.674201
2008-08-14,4.186404,4.055584,3.999272,3.998964,4.034072,4.150114,4.327376,4.522902,4.628416,4.689704
2008-08-13,4.191217,4.071241,4.015472,4.014053,4.048397,4.163869,4.339780,4.531519,4.634113,4.693586
2008-08-12,4.207796,4.102890,4.046596,4.039246,4.066633,4.170663,4.337171,4.523191,4.623686,4.682070
2008-08-11,4.218136,4.131630,4.083382,4.080045,4.109867,4.217108,4.386788,4.575733,4.677651,4.736792
2008-08-08,4.199657,4.105742,4.054400,4.050159,4.080201,4.189265,4.362234,4.555126,4.659271,4.719719
2008-08-07,4.222435,4.144313,4.091733,4.086161,4.116127,4.223738,4.386477,4.558254,4.648349,4.700403
2008-08-06,4.319621,4.286260,4.241014,4.226729,4.242220,4.319824,4.449272,4.591101,4.666326,4.709910
2008-08-05,4.320634,4.286274,4.239909,4.225639,4.241514,4.318917,4.445319,4.581381,4.652981,4.694429
2008-08-04,4.324044,4.302766,4.265934,4.256071,4.272870,4.347737,4.469095,4.600233,4.669416,4.709484
2008-08-01,4.327184,4.315841,4.280244,4.268815,4.283668,4.356127,4.477227,4.610152,4.680682,4.721558
2008-07-31,4.317549,4.321431,4.300626,4.298374,4.317493,4.390327,4.506132,4.631787,4.698323,4.736882
2008-07-30,4.329038,4.358290,4.356542,4.362484,4.382489,4.449030,4.556188,4.677308,4.742931,4.781122
2008-07-29,4.352613,4.386285,4.392587,4.404089,4.426991,4.495426,4.604186,4.729411,4.798231,4.838391
2008-07-28,4.362393,4.401279,4.417474,4.436694,4.463905,4.533369,4.636163,4.751579,4.814629,4.851408
2008-07-25,4.387425,4.449838,4.472051,4.489380,4.511686,4.570378,4.661943,4.768786,4.828131,4.862874
2008-07-24,4.383297,4.464988,4.496656,4.517197,4.539124,4.592588,4.675094,4.772215,4.826513,4.858369
2008-07-23,4.461421,4.596198,4.634438,4.645697,4.654920,4.687426,4.753779,4.842016,4.893223,4.923441
2008-07-22,4.454286,4.570475,4.599836,4.608077,4.617412,4.653505,4.725318,4.818204,4.871403,4.902702
2008-07-21,4.484218,4.617566,4.645141,4.645712,4.646697,4.669845,4.731767,4.819209,4.870604,4.900991
2008-07-18,4.402793,4.505784,4.534934,4.543576,4.552141,4.586719,4.663877,4.776224,4.845523,4.887202
2008-07-17,4.334668,4.404555,4.423695,4.431874,4.443552,4.486531,4.574396,4.698366,4.774486,4.820318
2008-07-16,4.312973,4.362546,4.368909,4.371126,4.381701,4.430048,4.530272,4.668671,4.752273,4.802314
2008-07-15,4.297298,4.328262,4.321886,4.317536,4.326109,4.377607,4.486653,4.634837,4.723117,4.775703
2008-07-14,4.345469,4.400192,4.402146,4.396565,4.399074,4.435097,4.527526,4.666412,4.753364,4.805940
2008-07-11,4.362870,4.412122,4.411295,4.403234,4.403023,4.433297,4.518615,4.651127,4.735331,4.786500
2008-07-10,4.382898,4.435714,4.426346,4.411249,4.407811,4.438510,4.525850,4.652708,4.729203,4.774837
2008-07-09,4.396991,4.461183,4.451915,4.434275,4.428451,4.456679,4.543612,4.671129,4.747968,4.793762
2008-07-08,4.376993,4.432200,4.423577,4.412797,4.416278,4.461686,4.562507,4.694237,4.769836,4.814324
2008-07-07,4.381254,4.437905,4.427727,4.416176,4.419940,4.467143,4.569696,4.701131,4.775751,4.819539
2008-07-04,4.411279,4.477932,4.476968,4.475068,4.487465,4.545454,4.650078,4.772747,4.839718,4.878669
2008-07-03,4.445474,4.518143,4.525390,4.532533,4.551440,4.610807,4.699120,4.790908,4.838557,4.866077
2008-07-02,4.521451,4.649712,4.673255,4.670404,4.668293,4.685808,4.740571,4.819861,4.866602,4.894243
2008-07-01,4.486608,4.580631,4.582622,4.570698,4.567940,4.595558,4.669152,4.767958,4.824482,4.857686
2008-06-30,4.500090,4.624138,4.641525,4.635745,4.634023,4.657846,4.724480,4.817046,4.870792,4.902458
2008-06-27,4.423507,4.504367,4.508252,4.504104,4.510851,4.556515,4.649960,4.767251,4.833200,4.871805
2008-06-26,4.455342,4.543982,4.552196,4.550314,4.556916,4.595429,4.669400,4.757195,4.805084,4.832974
2008-06-25,4.469427,4.588470,4.607663,4.608970,4.615010,4.647040,4.707489,4.777549,4.815220,4.837111
2008-06-24,4.444409,4.545355,4.563312,4.572457,4.588058,4.632720,4.695684,4.758425,4.790472,4.808984
2008-06-23,4.463287,4.588272,4.607474,4.607726,4.611562,4.635242,4.678928,4.727081,4.752332,4.766975
2008-06-20,4.487475,4.626442,4.648649,4.647698,4.648654,4.665292,4.699731,4.738463,4.758793,4.770584
2008-06-19,4.514927,4.695606,4.736100,4.739020,4.736249,4.737728,4.750675,4.768243,4.777758,4.783292
2008-06-18,4.488871,4.640316,4.666058,4.666445,4.667887,4.683863,4.715463,4.750074,4.768061,4.778482
2008-06-17,4.501299,4.649685,4.675319,4.674413,4.675045,4.694193,4.737947,4.790695,4.819171,4.835728
2008-06-16,4.544587,4.717083,4.742766,4.736619,4.731743,4.742058,4.776643,4.820256,4.843842,4.857548
2008-06-13,4.466974,4.608462,4.629822,4.632258,4.641016,4.679783,4.746327,4.818934,4.857034,4.879076
2008-06-12,4.450597,4.578656,4.585875,4.581570,4.589824,4.636704,4.718895,4.808665,4.855786,4.883027
2008-06-11,4.438255,4.540413,4.530213,4.518997,4.526539,4.578101,4.666907,4.761597,4.810839,4.839280
2008-06-10,4.484132,4.595651,4.573800,4.549471,4.545876,4.580446,4.651833,4.729926,4.770607,4.794133
2008-06-09,4.540106,4.660381,4.615078,4.565053,4.540964,4.550641,4.607127,4.678083,4.716234,4.738398
2008-06-06,4.506487,4.592466,4.529267,4.472834,4.449585,4.471299,4.550692,4.648704,4.701701,4.732508
2008-06-05,4.396850,4.505618,4.462451,4.417028,4.401664,4.443125,4.562920,4.718936,4.806797,4.858144
2008-06-04,4.203024,4.274236,4.251730,4.238626,4.253115,4.337172,4.489088,4.664278,4.759219,4.814292
2008-06-03,4.239593,4.330177,4.310510,4.294840,4.305760,4.384712,4.534749,4.711947,4.808896,4.865198
2008-06-02,4.184411,4.253454,4.236582,4.227956,4.244543,4.328171,4.475943,4.645409,4.737112,4.790323
2008-05-30,4.201894,4.285994,4.271421,4.260603,4.273775,4.351017,4.492630,4.657331,4.746877,4.798885
2008-05-29,4.202331,4.311528,4.312031,4.307331,4.321810,4.397938,4.540439,4.711270,4.805641,4.860586
2008-05-28,4.151598,4.228072,4.218892,4.212079,4.226811,4.304992,4.450726,4.625513,4.722243,4.778642
2008-05-27,4.139448,4.200702,4.181767,4.169591,4.181770,4.258876,4.405768,4.582384,4.680130,4.737143
2008-05-26,4.150395,4.208408,4.183550,4.166005,4.174115,4.246531,4.391205,4.567832,4.666108,4.723502
2008-05-23,4.152332,4.210243,4.181726,4.159017,4.162145,4.227879,4.370156,4.549979,4.651552,4.711080
2008-05-22,4.135004,4.189162,4.169520,4.158352,4.171922,4.251903,4.402778,4.584264,4.684852,4.743531
2008-05-21,4.086226,4.125986,4.112115,4.109509,4.129994,4.217991,4.373623,4.558113,4.660153,4.719686
2008-05-20,4.025218,4.040356,4.022986,4.024316,4.050659,4.149269,4.314687,4.506361,4.611564,4.672874
2008-05-19,4.010126,4.025403,4.011523,4.016575,4.046008,4.148740,4.317193,4.510863,4.616916,4.678688
2008-05-16,4.014131,4.039445,4.027325,4.030496,4.056993,4.154847,4.320715,4.515546,4.623309,4.686210
2008-05-15,4.011558,4.024303,4.006956,4.014049,4.049321,4.166043,4.348534,4.550374,4.658754,4.721555
2008-05-14,3.962312,3.955744,3.937732,3.947464,3.985010,4.104408,4.289800,4.496164,4.607605,4.672300
2008-05-13,3.931139,3.893834,3.866366,3.879376,3.924803,4.057880,4.248462,4.447255,4.551427,4.611625
2008-05-12,3.874152,3.798527,3.764008,3.782152,3.835757,3.981974,4.180125,4.379348,4.482272,4.541677
2008-05-09,3.855098,3.747880,3.707253,3.735364,3.803333,3.971204,4.178797,4.374126,4.472546,4.529193
2008-05-08,3.880602,3.810445,3.788945,3.821971,3.887790,4.046170,4.243020,4.430221,4.524943,4.579471
2008-05-07,3.888357,3.848102,3.848360,3.890656,3.958390,4.114091,4.308615,4.497368,4.593769,4.649274
2008-05-06,3.872787,3.818207,3.808967,3.844434,3.907464,4.058610,4.252750,4.444397,4.542947,4.599776
2008-05-05,3.924260,3.903275,3.900664,3.930581,3.984116,4.117616,4.296986,4.480283,4.575906,4.631167
2008-05-02,3.913228,3.913286,3.925179,3.960434,4.014009,4.144292,4.325116,4.519639,4.624108,4.684773
2008-04-30,3.897605,3.863635,3.858317,3.889320,3.945553,4.086354,4.277042,4.473884,4.577112,4.636783
2008-04-29,3.893010,3.869318,3.871739,3.907187,3.966137,4.111665,4.311389,4.522236,4.634170,4.698938
2008-04-28,3.920341,3.912103,3.916441,3.949535,4.005524,4.147246,4.346230,4.559500,4.673395,4.739325
2008-04-25,3.937936,3.926762,3.918934,3.940246,3.987287,4.118993,4.313449,4.526356,4.640840,4.707210
2008-04-24,3.937136,3.924826,3.915466,3.936652,3.984351,4.117081,4.310043,4.517776,4.628475,4.692555
2008-04-23,3.948028,3.941646,3.925786,3.937176,3.975647,4.095679,4.281323,4.488143,4.599935,4.664851
2008-04-22,4.009078,4.010410,3.983246,3.981899,4.010515,4.119324,4.298800,4.502647,4.613293,4.677571
2008-04-21,3.874563,3.864392,3.886651,3.928836,3.982313,4.101625,4.271368,4.480873,4.610757,4.691340
2008-04-18,3.886784,3.883730,3.908194,3.949878,4.001538,4.116298,4.281258,4.489607,4.621916,4.705169
2008-04-17,3.808627,3.762297,3.774854,3.821324,3.885564,4.030422,4.228346,4.454280,4.584426,4.662192
2008-04-16,3.779839,3.699603,3.694968,3.733975,3.796196,3.944057,4.149736,4.383613,4.517073,4.596452
2008-04-15,3.759297,3.663298,3.653376,3.692256,3.756538,3.909604,4.119869,4.354182,4.485782,4.563591
2008-04-14,3.722181,3.605929,3.590418,3.630796,3.699498,3.862584,4.082870,4.322705,4.455125,4.532952
2008-04-11,3.697414,3.576569,3.559329,3.599343,3.668247,3.832036,4.052765,4.292157,4.423987,4.501431
2008-04-10,3.715581,3.607719,3.598687,3.643705,3.715486,3.881378,4.101476,4.338200,4.468067,4.544253
2008-04-09,3.736229,3.656171,3.663271,3.716746,3.792056,3.957072,4.169041,4.392908,4.514762,4.586120
2008-04-08,3.751534,3.672792,3.674388,3.720490,3.788890,3.944410,4.151931,4.379159,4.505740,4.580430
2008-04-07,3.748042,3.673953,3.676311,3.721282,3.787788,3.939320,4.142648,4.366968,4.492674,4.567040
2008-04-04,3.719722,3.622791,3.614281,3.655450,3.722156,3.879332,4.093363,4.330234,4.462784,4.541090
2008-04-03,3.740145,3.650115,3.646913,3.692118,3.761869,3.923048,4.140081,4.378791,4.511958,4.590510
2008-04-02,3.749785,3.658856,3.651778,3.691776,3.755956,3.906769,4.112173,4.340065,4.467965,4.543654
2008-04-01,3.738620,3.655672,3.649549,3.688011,3.750425,3.900235,4.110844,4.353295,4.493085,4.576618
2008-03-31,3.706244,3.603488,3.590644,3.629561,3.696048,3.857427,4.083461,4.340405,4.486754,4.573680
2008-03-28,3.710639,3.617680,3.609248,3.649760,3.716505,3.877275,4.103073,4.362019,4.510699,4.599294
2008-03-27,3.693827,3.583349,3.567792,3.607093,3.675780,3.843948,4.080697,4.350564,4.504380,4.595675
2008-03-26,3.723657,3.609530,3.585985,3.615437,3.673892,3.823333,4.039309,4.290137,4.434920,4.521421
2008-03-25,3.711254,3.595162,3.572459,3.603308,3.662712,3.811694,4.022576,4.262397,4.398885,4.480065
2008-03-20,3.632679,3.491450,3.460251,3.491769,3.556511,3.720763,3.952582,4.213381,4.360297,4.447259
2008-03-19,3.569376,3.397282,3.361643,3.402401,3.482559,3.681148,3.954145,4.252381,4.416562,4.512672
2008-03-18,3.521275,3.324869,3.287321,3.337257,3.431237,3.659077,3.965712,4.293663,4.471451,4.574778
2008-03-17,3.456010,3.233089,3.192139,3.248249,3.351167,3.594595,3.912383,4.242085,4.417618,4.519194
2008-03-14,3.541281,3.332811,3.286075,3.328558,3.416232,3.633822,3.929286,4.246049,4.417933,4.517974
2008-03-13,3.526346,3.304606,3.254633,3.298002,3.387749,3.608623,3.904462,4.216925,4.384944,4.482543
2008-03-12,3.575988,3.378913,3.332860,3.370701,3.451502,3.654598,3.933386,4.235374,4.400458,4.496867
2008-03-11,3.570006,3.367219,3.322610,3.365133,3.451709,3.665819,3.956190,4.267545,4.436610,4.535046
2008-03-10,3.493945,3.265671,3.225948,3.284717,3.389620,3.633226,3.945023,4.262693,4.430144,4.526846
2008-03-07,3.520090,3.300888,3.265726,3.325856,3.430028,3.669030,3.972309,4.279531,4.441102,4.534406
2008-03-06,3.527691,3.306339,3.274769,3.339229,3.446580,3.687401,3.986519,4.284136,4.439254,4.528702
2008-03-05,3.496511,3.283974,3.261001,3.332447,3.444922,3.691417,3.992660,4.289172,4.442961,4.531560
2008-03-04,3.482038,3.265443,3.237914,3.305405,3.414847,3.657792,3.957494,4.254481,4.409058,4.498217
2008-03-03,3.444797,3.224768,3.202999,3.278410,3.395018,3.647257,3.951309,4.247086,4.399649,4.487504
2008-02-29,3.425120,3.211378,3.206146,3.297429,3.425731,3.688704,3.991165,4.275241,4.419515,4.502403
2008-02-28,3.509602,3.333285,3.339784,3.430656,3.553517,3.802761,4.089830,4.361426,4.500045,4.579736
2008-02-27,3.537216,3.380090,3.392193,3.482357,3.602038,3.844009,4.123848,4.390708,4.527619,4.606413
2008-02-26,3.576923,3.439347,3.453507,3.537675,3.648490,3.873104,4.135621,4.389711,4.521384,4.597408
2008-02-25,3.547274,3.390739,3.396710,3.477892,3.588207,3.814597,4.080922,4.339588,4.473867,4.551459
2008-02-22,3.559511,3.404656,3.409136,3.487299,3.594083,3.813812,4.072974,4.325372,4.456658,4.532599
2008-02-21,3.574239,3.429754,3.445024,3.530734,3.641502,3.861625,4.113478,4.353280,4.476714,4.547983
2008-02-20,3.501144,3.327908,3.344688,3.442337,3.566894,3.809415,4.079346,4.329814,4.457053,4.530309
2008-02-19,3.468913,3.291310,3.309059,3.410080,3.538820,3.789406,4.068197,4.326719,4.457961,4.533479
2008-02-18,3.460541,3.284507,3.303793,3.404019,3.530724,3.777637,4.055622,4.318100,4.452803,4.530479
2008-02-15,3.404260,3.208767,3.227282,3.332957,3.466210,3.723460,4.008958,4.274803,4.410295,4.488352
2008-02-14,3.433684,3.267738,3.294780,3.397762,3.524052,3.767236,4.041102,4.301713,4.436188,4.513850
2008-02-13,3.403916,3.217619,3.238414,3.340997,3.469395,3.719287,4.003326,4.275709,4.416785,4.498298
2008-02-12,3.378629,3.193730,3.213328,3.313465,3.439259,3.685243,3.966873,4.238989,4.380542,4.462453
2008-02-11,3.340283,3.134014,3.147487,3.245975,3.371258,3.616443,3.896175,4.165124,4.304669,4.385459
2008-02-08,3.334056,3.163258,3.190284,3.288079,3.407052,3.639148,3.909875,4.177943,4.319320,4.401461
2008-02-07,3.395666,3.210176,3.219185,3.306886,3.421280,3.649934,3.916544,4.177648,4.314476,4.393896
2008-02-06,3.475563,3.311299,3.315245,3.388738,3.487342,3.689402,3.931684,4.174743,4.303765,4.378955
2008-02-05,3.494552,3.317406,3.304725,3.368340,3.462862,3.664701,3.909756,4.154259,4.283309,4.358415
2008-02-04,3.576332,3.443212,3.442470,3.500825,3.583275,3.760067,3.982458,4.214834,4.340954,4.414886
2008-02-01,3.568305,3.444534,3.446830,3.505918,3.588448,3.765588,3.989975,4.226615,4.355824,4.431680
2008-01-31,3.554241,3.430912,3.435819,3.498375,3.584407,3.767369,3.997186,4.237913,4.368857,4.445625
2008-01-30,3.637778,3.541088,3.547763,3.606517,3.688474,3.865319,4.088523,4.320717,4.446020,4.519236
2008-01-29,3.630704,3.513099,3.511784,3.568159,3.649923,3.827656,4.050804,4.280484,4.403541,4.475336
2008-01-28,3.603066,3.477904,3.473032,3.527835,3.609076,3.787236,4.012172,4.244556,4.369316,4.442164
2008-01-25,3.678943,3.601579,3.608035,3.657407,3.727539,3.883812,4.088719,4.308076,4.427980,4.498289
2008-01-24,3.624256,3.530294,3.534174,3.586475,3.661895,3.830787,4.052797,4.290653,4.420593,4.496703
2008-01-23,3.462779,3.352577,3.378223,3.455871,3.551735,3.745705,3.982926,4.227497,4.359249,4.436248
2008-01-22,3.530199,3.400500,3.410183,3.484677,3.583811,3.784272,4.015383,4.234617,4.346979,4.411940
2008-01-21,3.600504,3.455970,3.441163,3.493106,3.575255,3.757975,3.985964,4.215059,4.335572,4.405567
2008-01-18,3.683805,3.557943,3.537758,3.577902,3.648299,3.813834,4.029474,4.252405,4.371129,4.440245
2008-01-17,3.716868,3.608794,3.588736,3.623915,3.688419,3.843648,4.048979,4.263024,4.377411,4.444072
2008-01-16,3.761137,3.677083,3.655026,3.681668,3.736967,3.877283,4.069540,4.274522,4.385259,4.449981
2008-01-15,3.795719,3.712939,3.685615,3.707202,3.758583,3.893843,4.082447,4.285255,4.395194,4.459495
2008-01-14,3.821938,3.750819,3.725066,3.743384,3.789966,3.916580,4.098293,4.298510,4.408539,4.473130
2008-01-11,3.874233,3.795203,3.762202,3.780875,3.830509,3.961369,4.140309,4.328306,4.428851,4.487472
2008-01-10,3.892235,3.828244,3.796964,3.811989,3.856352,3.977434,4.147466,4.329838,4.428460,4.486133
2008-01-09,3.886708,3.805678,3.771993,3.791675,3.842254,3.972990,4.148366,4.329724,4.425955,4.481978
2008-01-08,3.910673,3.866083,3.842596,3.858635,3.900944,4.015576,4.177677,4.353328,4.448940,4.504960
2008-01-07,3.902835,3.828485,3.799791,3.822946,3.875091,4.004774,4.174364,4.346743,4.437500,4.490267
2008-01-04,3.871527,3.799903,3.779643,3.810149,3.867796,4.003619,4.175397,4.346333,4.435502,4.487259
2008-01-03,3.899117,3.860295,3.851696,3.884657,3.940621,4.069154,4.230400,4.390694,4.474362,4.522940
2008-01-02,3.950549,3.936081,3.938593,3.976858,4.033951,4.157520,4.305976,4.449355,4.523288,4.566128
2007-12-31,4.006595,4.020339,4.031842,4.066456,4.115010,4.220002,4.348432,4.475090,4.541150,4.579542
2007-12-28,3.996122,4.022222,4.033923,4.066296,4.112504,4.214428,4.341671,4.469233,4.536295,4.575335
2007-12-27,4.005874,4.040715,4.054993,4.089142,4.136433,4.238775,4.364516,4.489108,4.554250,4.592126
2007-12-24,3.993200,3.997375,4.000532,4.032260,4.080490,4.187114,4.318135,4.447056,4.514163,4.553153
2007-12-21,3.982559,3.992858,3.998833,4.031873,4.080720,4.187684,4.318520,4.447001,4.513836,4.552665
2007-12-20,3.974858,3.984711,3.990953,4.024342,4.073117,4.178807,4.306764,4.431437,4.496079,4.533627
2007-12-19,3.956608,3.977009,3.987101,4.019894,4.067646,4.173710,4.306428,4.439487,4.509417,4.550125
2007-12-18,3.984896,4.017383,4.027561,4.057174,4.101137,4.201089,4.329309,4.460567,4.530277,4.570946
2007-12-17,3.995048,4.002520,4.002401,4.029483,4.074491,4.179985,4.316416,4.455932,4.529858,4.572937
2007-12-14,4.014338,4.011076,4.004817,4.029539,4.073520,4.177794,4.312403,4.449294,4.521585,4.563686
2007-12-13,4.009265,4.014229,4.009656,4.034310,4.078765,4.186477,4.328832,4.476448,4.555127,4.601001
2007-12-12,3.990670,3.987056,3.989526,4.024357,4.077260,4.193624,4.335692,4.474647,4.546713,4.588513
2007-12-11,3.973177,3.955656,3.946064,3.971325,4.018480,4.132792,4.282907,4.437412,4.519413,4.567177
2007-12-10,3.948740,3.942462,3.938991,3.963521,4.009118,4.123773,4.279502,4.442899,4.530194,4.581069
2007-12-07,3.916044,3.898292,3.890013,3.912949,3.958613,4.075561,4.235833,4.404895,4.495449,4.548264
2007-12-06,3.864191,3.806438,3.788259,3.811979,3.861343,3.985862,4.153911,4.330037,4.424299,4.479312
2007-12-05,3.816484,3.763850,3.754792,3.781304,3.829656,3.950199,4.116973,4.297971,4.396965,4.455090
2007-12-04,3.814789,3.751243,3.736228,3.759619,3.806653,3.927675,4.098262,4.285676,4.388810,4.449450
2007-12-03,3.828582,3.790750,3.792402,3.823631,3.872877,3.991300,4.156012,4.339262,4.441422,4.501745
2007-11-30,3.849280,3.827475,3.832329,3.862308,3.909009,4.022356,4.181987,4.361355,4.461877,4.521322
2007-11-29,3.819148,3.777220,3.777553,3.810099,3.861928,3.985655,4.154738,4.338966,4.440281,4.499849
2007-11-28,3.831276,3.792767,3.793102,3.825050,3.876463,4.000238,4.170538,4.356911,4.459600,4.519983
2007-11-27,3.801821,3.724680,3.705396,3.731073,3.782794,3.912281,4.087806,4.273515,4.373535,4.432019
2007-11-26,3.816663,3.756123,3.743585,3.769443,3.818594,3.942212,4.113583,4.299666,4.401460,4.461215
2007-11-23,3.820697,3.742012,3.721938,3.749133,3.803369,3.937531,4.116588,4.303210,4.402852,4.460962
2007-11-22,3.834604,3.721237,3.685968,3.713147,3.773092,3.919480,4.107415,4.295498,4.393737,4.450745
2007-11-21,3.835085,3.739659,3.707472,3.730224,3.783865,3.918746,4.095223,4.273757,4.367461,4.421933
2007-11-20,3.858321,3.799522,3.781902,3.802715,3.847479,3.962541,4.119906,4.285761,4.374668,4.426622
2007-11-19,3.870990,3.814743,3.797387,3.817250,3.860570,3.972592,4.126402,4.288849,4.376002,4.426947
2007-11-16,3.889987,3.849939,3.836570,3.854627,3.894003,3.997843,4.143661,4.300549,4.385526,4.435321
2007-11-15,3.910313,3.881143,3.869476,3.885649,3.921968,4.019641,4.158842,4.310052,4.392322,4.440591
2007-11-14,3.929774,3.927960,3.926052,3.941805,3.973167,4.058501,4.184710,4.326901,4.405853,4.452439
2007-11-13,3.898207,3.870088,3.861558,3.878485,3.913593,4.006720,4.140029,4.286323,4.366465,4.413600
2007-11-12,3.898718,3.866171,3.852979,3.867244,3.901469,3.995834,4.133250,4.285319,4.368934,4.418142
2007-11-09,3.885073,3.845539,3.829757,3.847376,3.887420,3.992271,4.136364,4.287947,4.369075,4.416500
2007-11-08,3.922381,3.906661,3.896696,3.913078,3.949196,4.044464,4.176370,4.315634,4.390265,4.433916
2007-11-07,3.950117,3.944594,3.933204,3.944809,3.975658,4.062069,4.185792,4.318932,4.390892,4.433074
2007-11-06,3.975558,3.989281,3.986497,4.000560,4.030874,4.113278,4.230846,4.357574,4.426140,4.466337
2007-11-05,3.964809,3.960672,3.949062,3.960179,3.990166,4.073568,4.191303,4.316121,4.383037,4.422202
2007-11-02,3.972923,3.970701,3.959718,3.970883,4.000620,4.083126,4.199359,4.322333,4.388184,4.426716
2007-11-01,4.001611,4.026352,4.025981,4.038020,4.064488,4.138407,4.246015,4.363324,4.427085,4.464517
2007-10-31,4.020567,4.063584,4.069541,4.081318,4.104743,4.171249,4.271043,4.382549,4.443900,4.480027
2007-10-30,3.980204,3.994256,3.992594,4.007060,4.036901,4.116576,4.228655,4.348054,4.412259,4.449862
2007-10-29,3.936871,3.951688,3.959591,3.978908,4.009560,4.087079,4.198021,4.320815,4.388406,4.428237
2007-10-26,3.930374,3.948000,3.960300,3.983225,4.016331,4.096134,4.207337,4.328780,4.395254,4.434372
2007-10-25,3.909345,3.918890,3.928475,3.951080,3.984892,4.066982,4.181351,4.306108,4.374371,4.414544
2007-10-24,3.920859,3.940822,3.951534,3.972525,4.004216,4.082766,4.194054,4.316617,4.383946,4.423606
2007-10-23,3.958280,3.993960,4.003189,4.019539,4.047117,4.120711,4.229442,4.351592,4.419232,4.459137
2007-10-22,3.945847,3.977176,3.986166,4.003553,4.032410,4.108135,4.218643,4.341837,4.409809,4.449876
2007-10-19,3.972142,4.014121,4.028317,4.051309,4.085780,4.169832,4.284872,4.406969,4.472661,4.511116
2007-10-18,4.010075,4.066640,4.085515,4.109373,4.143112,4.224044,4.334039,4.450232,4.512580,4.549047
2007-10-17,4.045053,4.143687,4.179627,4.206886,4.238165,4.310925,4.413949,4.528846,4.592462,4.629949
2007-10-16,4.055595,4.167414,4.206543,4.233248,4.262758,4.331760,4.431131,4.543619,4.606406,4.643488
2007-10-15,4.072423,4.195340,4.233971,4.256337,4.280483,4.339174,4.426715,4.527540,4.584176,4.617698
2007-10-12,4.027389,4.139283,4.183860,4.214159,4.244761,4.311322,4.403493,4.505841,4.562456,4.595840
2007-10-11,3.972337,4.085785,4.140600,4.180308,4.217767,4.291980,4.388214,4.491879,4.548595,4.581959
2007-10-10,3.964606,4.059526,4.105799,4.142545,4.179824,4.256498,4.356655,4.463853,4.522201,4.556481
2007-10-09,3.939751,4.014777,4.055116,4.091475,4.130325,4.210992,4.315267,4.425428,4.484984,4.519926
2007-10-08,3.935804,4.011699,4.058544,4.101841,4.146507,4.234851,4.344133,4.456340,4.516230,4.551250
2007-10-05,3.934020,4.001697,4.045443,4.088403,4.134111,4.225959,4.340362,4.458123,4.521034,4.557815
2007-10-04,3.918875,3.975334,4.011877,4.050713,4.094202,4.184300,4.298098,4.415559,4.478308,4.515009
2007-10-03,3.920056,3.975558,4.008972,4.045770,4.088534,4.179502,4.296231,4.417601,4.482614,4.520653
2007-10-02,3.942808,4.005942,4.043335,4.082404,4.126473,4.218413,4.334772,4.454692,4.518654,4.556028
2007-10-01,3.937703,4.004673,4.046177,4.088624,4.135275,4.230618,4.349634,4.471452,4.536253,4.574085
2007-09-28,3.960526,4.036308,4.074989,4.112181,4.153811,4.241640,4.354295,4.471433,4.534153,4.570830
2007-09-27,3.982528,4.063301,4.105948,4.146176,4.190039,4.280542,4.394691,4.512156,4.574747,4.611290
2007-09-26,3.972428,4.051923,4.101130,4.145386,4.190625,4.281321,4.397612,4.522201,4.590386,4.630468
2007-09-25,3.940027,3.995837,4.036522,4.076591,4.118984,4.206127,4.321719,4.450706,4.523297,4.566373
2007-09-24,3.953883,4.022917,4.070694,4.114569,4.158921,4.247195,4.361830,4.488255,4.559003,4.600907
2007-09-21,3.957783,4.028759,4.075915,4.118469,4.161484,4.247715,4.360707,4.486113,4.556498,4.598223
2007-09-20,3.978624,4.056972,4.096243,4.128515,4.162760,4.237927,4.344800,4.469289,4.540674,4.583252
2007-09-19,3.953913,4.017020,4.054815,4.086311,4.118036,4.185425,4.283399,4.404925,4.478375,4.523142
2007-09-18,3.970680,4.015243,4.037251,4.056712,4.079706,4.136526,4.227601,4.345468,4.417750,4.461997
2007-09-17,3.946972,3.973759,3.991011,4.010907,4.036128,4.098004,4.194468,4.316733,4.391002,4.436339
2007-09-14,3.921117,3.940169,3.955840,3.976571,4.003415,4.068649,4.168754,4.294302,4.370239,4.416546
2007-09-13,3.937780,3.964620,3.983649,4.005591,4.032654,4.097349,4.196559,4.321609,4.397552,4.443929
2007-09-12,3.917603,3.910818,3.913839,3.932488,3.963536,4.043660,4.162858,4.302293,4.382208,4.429915
2007-09-11,3.890436,3.866670,3.872307,3.896716,3.932112,4.015843,4.136377,4.280664,4.366522,4.418741
2007-09-10,3.876256,3.852372,3.863579,3.894759,3.936143,4.027305,4.149531,4.286956,4.365578,4.412725
2007-09-07,3.896597,3.890586,3.914637,3.954621,4.001682,4.097836,4.219329,4.350087,4.423044,4.466415
2007-09-06,3.946789,3.963371,3.986954,4.017988,4.054242,4.132355,4.239844,4.365440,4.439046,4.483528
2007-09-05,3.972332,3.991342,4.008696,4.036442,4.072729,4.154234,4.262684,4.379022,4.442594,4.480030
2007-09-04,3.982080,4.011401,4.024060,4.046049,4.078458,4.157541,4.268750,4.392004,4.460372,4.500769
2007-09-03,3.990795,4.030802,4.046517,4.068664,4.100119,4.176429,4.283860,4.403151,4.469394,4.508551
2007-08-31,3.983622,4.035474,4.059583,4.086667,4.120603,4.197703,4.302268,4.415935,4.478417,4.515256
2007-08-30,3.967720,3.983753,3.992228,4.015492,4.051203,4.136696,4.252498,4.376227,4.443435,4.482918
2007-08-29,3.953330,3.964485,3.969832,3.991730,4.027114,4.113174,4.230215,4.355179,4.422983,4.462809
2007-08-28,3.970309,3.995911,4.016405,4.043261,4.076708,4.152387,4.257312,4.375634,4.442342,4.481995
2007-08-27,4.018738,4.043191,4.054520,4.074557,4.104016,4.175488,4.274835,4.383146,4.442541,4.477539
2007-08-24,3.979993,3.993389,4.013560,4.041043,4.073802,4.145621,4.245930,4.364239,4.433834,4.475935
2007-08-23,3.999534,4.003161,4.025119,4.058136,4.096726,4.176793,4.280735,4.395469,4.460356,4.499084
2007-08-22,3.971741,4.009678,4.044461,4.079942,4.116513,4.189476,4.286305,4.399100,4.465659,4.506051
2007-08-21,3.857617,3.838913,3.869281,3.921516,3.981164,4.096580,4.231687,4.366127,4.437519,4.479297
2007-08-20,3.945225,3.955687,3.985459,4.026728,4.073248,4.166317,4.281611,4.402503,4.468508,4.507421
2007-08-17,3.936414,3.937491,3.966369,4.011731,4.063327,4.162327,4.274664,4.381334,4.436328,4.468309
2007-08-16,3.983534,3.974981,3.992127,4.027290,4.070812,4.158954,4.262940,4.363954,4.416508,4.447136
2007-08-15,4.078705,4.106878,4.120586,4.142244,4.171122,4.235399,4.318583,4.405348,4.452094,4.479559
2007-08-14,4.168018,4.218860,4.232710,4.249029,4.270966,4.321806,4.390839,4.466053,4.507598,4.532177
2007-08-13,4.157136,4.199537,4.209965,4.224867,4.246328,4.297371,4.367400,4.443931,4.486230,4.511261
2007-08-10,4.146349,4.189996,4.200138,4.214432,4.235228,4.285089,4.353940,4.429553,4.471464,4.496291
2007-08-09,4.216660,4.257614,4.258602,4.262865,4.273872,4.307243,4.360446,4.424824,4.462480,4.485186
2007-08-08,4.274575,4.334427,4.341154,4.344993,4.352419,4.375739,4.415801,4.468114,4.500359,4.520219
2007-08-07,4.233497,4.271968,4.269783,4.270564,4.277730,4.303803,4.349196,4.407331,4.442486,4.463953
2007-08-06,4.217276,4.247220,4.241255,4.241165,4.248922,4.277787,4.327488,4.390069,4.427436,4.450135
2007-08-03,4.234123,4.266461,4.259609,4.257084,4.261972,4.285557,4.330113,4.389412,4.425981,4.448474
2007-08-02,4.258584,4.304912,4.301158,4.299394,4.304216,4.326821,4.369729,4.427353,4.463133,4.485200
2007-08-01,4.225327,4.265799,4.261101,4.259486,4.265226,4.290679,4.337833,4.400064,4.438276,4.461735
2007-07-31,4.239005,4.283192,4.278954,4.277241,4.282670,4.307281,4.353259,4.414258,4.451833,4.474928
2007-07-30,4.212247,4.240662,4.229536,4.225267,4.230482,4.257787,4.309464,4.377539,4.419127,4.444589
2007-07-27,4.225835,4.259966,4.249905,4.245323,4.249695,4.274961,4.324174,4.390160,4.430904,4.455954
2007-07-26,4.241561,4.297922,4.294037,4.287918,4.288836,4.307640,4.351428,4.415559,4.457167,4.483259
2007-07-25,4.271732,4.349784,4.354298,4.349494,4.348873,4.362294,4.398437,4.454633,4.492252,4.516153
2007-07-24,4.280806,4.359161,4.361457,4.355702,4.354946,4.368945,4.406281,4.464001,4.502529,4.526977
2007-07-23,4.283440,4.363802,4.364904,4.358321,4.357003,4.370029,4.405990,4.462013,4.499526,4.523361
2007-07-20,4.288116,4.380098,4.387890,4.384420,4.384227,4.396662,4.429346,4.480005,4.513949,4.535538
2007-07-19,4.314717,4.447217,4.474453,4.480499,4.485304,4.502181,4.536716,4.587487,4.621052,4.642320
2007-07-18,4.311456,4.445403,4.473432,4.480747,4.487089,4.507194,4.546023,4.601708,4.638098,4.661045
2007-07-17,4.309063,4.442600,4.473085,4.482990,4.491220,4.512970,4.551228,4.603878,4.637635,4.658773
2007-07-16,4.299207,4.433099,4.465892,4.477938,4.487982,4.512658,4.554100,4.609907,4.645321,4.667406
2007-07-13,4.312403,4.440736,4.471112,4.483992,4.495526,4.522168,4.563844,4.617468,4.650661,4.671158
2007-07-12,4.308243,4.434959,4.465323,4.479168,4.492135,4.522091,4.568307,4.626921,4.662832,4.684903
2007-07-11,4.279551,4.388892,4.411586,4.422444,4.434677,4.465998,4.515962,4.579460,4.618169,4.641887
2007-07-10,4.285085,4.413484,4.446679,4.462221,4.476070,4.506506,4.552181,4.609420,4.644329,4.665760
2007-07-09,4.303370,4.453070,4.499034,4.521254,4.538440,4.570797,4.615093,4.668603,4.700851,4.720587
2007-07-06,4.315516,4.470276,4.516812,4.538998,4.555930,4.587399,4.630137,4.681647,4.712689,4.731693
2007-07-05,4.297566,4.438745,4.477648,4.496182,4.511790,4.544121,4.591088,4.649253,4.684602,4.706278
2007-07-04,4.281773,4.409545,4.440623,4.454956,4.468266,4.498689,4.545382,4.604527,4.640772,4.663056
2007-07-03,4.262466,4.368477,4.388330,4.397267,4.408156,4.437842,4.486853,4.550336,4.589435,4.613493
2007-07-02,4.269277,4.378109,4.396675,4.403202,4.411526,4.436584,4.480608,4.539834,4.577123,4.600279
2007-06-29,4.268855,4.388235,4.412675,4.422390,4.432628,4.459826,4.505340,4.565522,4.603176,4.626507
2007-06-28,4.255109,4.377351,4.406490,4.419243,4.431536,4.461504,4.509577,4.571960,4.610657,4.634560
2007-06-27,4.235992,4.349344,4.376222,4.389066,4.402498,4.435981,4.489537,4.558393,4.600774,4.626853
2007-06-26,4.243648,4.370214,4.408647,4.430187,4.449847,4.490608,4.547763,4.615663,4.655723,4.679984
2007-06-25,4.236853,4.366544,4.407728,4.431070,4.451969,4.494323,4.552751,4.621519,4.661903,4.686320
2007-06-22,4.258189,4.410986,4.461290,4.486982,4.507858,4.548973,4.606997,4.678020,4.720971,4.747244
2007-06-21,4.247948,4.395766,4.442731,4.465947,4.484842,4.522879,4.577705,4.645711,4.687136,4.712557
2007-06-20,4.258859,4.420608,4.468677,4.487969,4.502459,4.535142,4.589747,4.664746,4.713093,4.743420
2007-06-19,4.227626,4.370332,4.414537,4.435240,4.452827,4.492603,4.556659,4.642464,4.697085,4.731170
2007-06-18,4.254609,4.409690,4.457573,4.479773,4.498014,4.537905,4.601045,4.685235,4.738813,4.772251
2007-06-15,4.255474,4.414710,4.463897,4.486151,4.503805,4.541691,4.601578,4.681876,4.733262,4.765432
2007-06-14,4.240429,4.391391,4.435564,4.454299,4.469177,4.502687,4.557856,4.633536,4.682565,4.713435
2007-06-13,4.256254,4.418426,4.467142,4.488072,4.503764,4.536522,4.588384,4.658901,4.704639,4.733494
2007-06-12,4.249395,4.398059,4.438759,4.455264,4.468392,4.498521,4.548841,4.618617,4.664177,4.692984
2007-06-11,4.228256,4.361373,4.394686,4.407442,4.418528,4.446806,4.496361,4.566066,4.611733,4.640634
2007-06-08,4.229522,4.363752,4.398033,4.411422,4.423027,4.452322,4.503367,4.574989,4.621851,4.651486
2007-06-07,4.236511,4.362924,4.388221,4.395242,4.402086,4.424125,4.467302,4.530943,4.573554,4.600768
2007-06-06,4.219515,4.335090,4.353748,4.356870,4.361126,4.379679,4.419500,4.479988,4.520983,4.547296
2007-06-05,4.232729,4.356280,4.373387,4.372300,4.372261,4.383953,4.417505,4.473709,4.513557,4.539628
2007-06-04,4.231532,4.345201,4.356017,4.351730,4.350037,4.360375,4.393673,4.450558,4.491106,4.517678
2007-06-01,4.229396,4.339922,4.349139,4.344208,4.342243,4.352396,4.385691,4.442755,4.483483,4.510188
2007-05-31,4.210617,4.315034,4.325357,4.322753,4.322718,4.334981,4.368780,4.424414,4.463526,4.489033
2007-05-30,4.193119,4.287386,4.294385,4.291011,4.291297,4.305588,4.343279,4.404098,4.446358,4.473762
2007-05-29,4.194458,4.288061,4.294174,4.290335,4.290320,4.304137,4.341269,4.401511,4.443477,4.470719
2007-05-28,4.183435,4.262872,4.267739,4.265164,4.266807,4.283760,4.324469,4.388005,4.431431,4.459390
2007-05-25,4.174877,4.260534,4.267150,4.265450,4.267561,4.284820,4.325417,4.388597,4.431800,4.459633
2007-05-24,4.159095,4.246098,4.254841,4.254547,4.257701,4.276603,4.319033,4.384075,4.428257,4.456645
2007-05-23,4.165574,4.245692,4.249374,4.246136,4.247183,4.262781,4.301485,4.362697,4.404852,4.432097
2007-05-22,4.145573,4.221160,4.224424,4.222037,4.224647,4.244345,4.289112,4.357151,4.402944,4.432219
2007-05-21,4.145411,4.218806,4.220739,4.217712,4.220018,4.239556,4.284479,4.352898,4.398953,4.428392
2007-05-18,4.137566,4.207647,4.207992,4.204124,4.205806,4.224292,4.267956,4.335045,4.380391,4.409433
2007-05-17,4.130141,4.200219,4.200658,4.196774,4.198399,4.216768,4.260341,4.327453,4.372887,4.402008
2007-05-16,4.121804,4.196301,4.199518,4.197353,4.200277,4.220741,4.266704,4.336282,4.383028,4.412896
2007-05-15,4.093110,4.164184,4.169006,4.168504,4.172972,4.196324,4.245918,4.319405,4.368265,4.399347
2007-05-14,4.070190,4.137565,4.141781,4.140971,4.145342,4.169065,4.219954,4.295739,4.346272,4.378464
2007-05-11,4.040370,4.083887,4.076535,4.069800,4.071087,4.092673,4.144071,4.222237,4.274550,4.307891
2007-05-10,4.050284,4.104130,4.101267,4.096681,4.099001,4.121130,4.172040,4.249073,4.300637,4.333519
2007-05-09,4.053827,4.108218,4.104335,4.098989,4.100760,4.122140,4.172420,4.249042,4.300495,4.333347
2007-05-08,4.048642,4.097905,4.091153,4.084252,4.085050,4.105228,4.154480,4.230220,4.281239,4.313852
2007-05-07,4.056228,4.113788,4.112678,4.109444,4.112576,4.134938,4.184300,4.257750,4.306499,4.337477
2007-05-04,4.036207,4.081524,4.075093,4.069987,4.072975,4.097198,4.150285,4.227919,4.278719,4.310777
2007-05-03,4.049460,4.112621,4.110962,4.105555,4.106717,4.127189,4.177862,4.257478,4.311994,4.347115
2007-05-02,4.035435,4.093637,4.095231,4.091916,4.093720,4.112993,4.159847,4.233886,4.284986,4.318074
2007-04-30,4.018485,4.069493,4.067338,4.062121,4.062942,4.081478,4.128293,4.202696,4.254055,4.287300
2007-04-27,4.033636,4.095463,4.100497,4.101350,4.107116,4.132318,4.183041,4.256255,4.304248,4.334612
2007-04-26,4.020714,4.074960,4.074928,4.073316,4.078031,4.103008,4.154734,4.229452,4.278241,4.309037
2007-04-25,4.014703,4.065915,4.064332,4.062339,4.067339,4.093705,4.147677,4.224777,4.274717,4.306119
2007-04-24,4.005463,4.051087,4.047761,4.045035,4.049752,4.076160,4.130664,4.208585,4.259030,4.290740
2007-04-23,4.012301,4.066790,4.067733,4.067408,4.073623,4.101675,4.157087,4.235150,4.285378,4.316876
2007-04-20,4.017232,4.073771,4.074629,4.074775,4.081940,4.112402,4.171031,4.252204,4.303849,4.336066
2007-04-19,4.008082,4.059572,4.055964,4.052428,4.056908,4.084689,4.143629,4.229188,4.285058,4.320284
2007-04-18,3.998867,4.044215,4.036593,4.030853,4.034134,4.061018,4.120093,4.206617,4.263268,4.299017
2007-04-17,3.998232,4.051100,4.048752,4.047097,4.053873,4.086382,4.150846,4.241121,4.298828,4.334870
2007-04-16,4.002991,4.060347,4.060294,4.060031,4.067706,4.101164,4.165960,4.255842,4.313036,4.348694
2007-04-13,3.996925,4.056916,4.059435,4.060837,4.069704,4.104861,4.171291,4.262604,4.320478,4.356504
2007-04-12,3.991492,4.043776,4.041473,4.039787,4.046370,4.078175,4.141400,4.230085,4.286843,4.322318
2007-04-11,3.983437,4.025123,4.017257,4.012717,4.017624,4.047477,4.108994,4.195937,4.251652,4.286487
2007-04-10,3.972362,4.013169,4.005475,4.001392,4.006792,4.037418,4.099434,4.186245,4.241564,4.276075
2007-04-05,3.943869,3.973026,3.960783,3.954830,3.959625,3.990632,4.054164,4.142879,4.199200,4.234278
2007-04-04,3.941626,3.968669,3.954193,3.946897,3.950972,3.981614,4.045765,4.136006,4.193475,4.229304
2007-04-03,3.946395,3.983622,3.974156,3.968566,3.972444,4.000148,4.058759,4.142474,4.196429,4.230265
2007-04-02,3.939265,3.975263,3.962392,3.952342,3.951823,3.972621,4.026204,4.109722,4.166272,4.202507
2007-03-30,3.926165,3.953296,3.938720,3.930779,3.933607,3.960695,4.019204,4.102592,4.156089,4.189564
2007-03-29,3.915274,3.941025,3.926954,3.919970,3.924020,3.953698,4.015313,4.101477,4.156161,4.190223
2007-03-28,3.896011,3.920857,3.907450,3.901303,3.906354,3.938218,4.002691,4.091813,4.148022,4.182947
2007-03-27,3.897160,3.918020,3.901178,3.892671,3.896001,3.925574,3.988337,4.076685,4.132896,4.167941
2007-03-26,3.887322,3.904241,3.886136,3.877459,3.881122,3.911816,3.976043,4.065565,4.122159,4.157348
2007-03-23,3.884739,3.895761,3.874954,3.864855,3.867694,3.897569,3.961403,4.050872,4.107536,4.142792
2007-03-22,3.866597,3.855471,3.823569,3.807643,3.806729,3.831526,3.890316,3.974729,4.028601,4.062217
2007-03-21,3.881656,3.879713,3.849923,3.833215,3.829988,3.848522,3.898665,3.974398,4.024096,4.055478
2007-03-20,3.871152,3.870087,3.840520,3.823290,3.819130,3.835353,3.882327,3.954778,4.002842,4.033339
2007-03-19,3.873289,3.878561,3.852099,3.836527,3.833418,3.850899,3.898754,3.971640,4.019757,4.050231
2007-03-16,3.856416,3.848396,3.818729,3.804373,3.804076,3.827723,3.881840,3.958017,4.006060,4.035911
2007-03-15,3.855228,3.836966,3.802649,3.786964,3.787098,3.813787,3.873158,3.955265,4.006456,4.038103
2007-03-14,3.846678,3.822310,3.785551,3.769188,3.769431,3.797162,3.858204,3.941938,3.993860,4.025888
2007-03-13,3.861049,3.845796,3.811805,3.796149,3.796266,3.822783,3.881662,3.962898,4.013460,4.044694
2007-03-12,3.861491,3.850786,3.821791,3.809989,3.812804,3.842142,3.901547,3.980532,4.028785,4.058394
2007-03-09,3.861093,3.854303,3.828747,3.819838,3.825094,3.858060,3.920375,4.000759,4.049108,4.078607
2007-03-08,3.828471,3.825080,3.801828,3.793931,3.799710,3.833073,3.895317,3.975222,4.023192,4.052450
2007-03-07,3.805664,3.809393,3.791208,3.786523,3.794514,3.830550,3.894372,3.974491,4.022083,4.051011
2007-03-06,3.797415,3.802559,3.785610,3.781502,3.789549,3.824789,3.886668,3.963999,4.009833,4.037679
2007-03-05,3.773038,3.768258,3.751368,3.751141,3.763958,3.807447,3.876153,3.956353,4.002087,4.029518
2007-03-02,3.784389,3.790680,3.780247,3.783451,3.797799,3.841248,3.907023,3.982167,4.024591,4.049964
2007-03-01,3.792917,3.804570,3.795698,3.798298,3.810780,3.849121,3.907725,3.975192,4.013465,4.036401
2007-02-28,3.796044,3.804297,3.794533,3.797283,3.810396,3.850409,3.911185,3.980767,4.020104,4.043648
2007-02-27,3.831984,3.850988,3.841668,3.841511,3.850551,3.882464,3.934724,3.997709,4.034367,4.056517
2007-02-26,3.851091,3.877069,3.869780,3.870183,3.879104,3.910012,3.960572,4.021686,4.057343,4.078905
2007-02-23,3.868646,3.911458,3.912484,3.917032,3.927780,3.958939,4.007030,4.063875,4.096761,4.116600
2007-02-22,3.865653,3.917920,3.924326,3.932312,3.945640,3.980537,4.032010,4.091479,4.125507,4.145959
2007-02-21,3.859053,3.907834,3.912639,3.920199,3.933632,3.969290,4.021976,4.082714,4.117395,4.138223
2007-02-20,3.866346,3.916223,3.921372,3.929799,3.944386,3.982489,4.038129,4.101704,4.137811,4.159451
2007-02-19,3.865140,3.909212,3.911793,3.919045,3.932981,3.970379,4.025475,4.088562,4.124402,4.145883
2007-02-16,3.845591,3.881870,3.882043,3.888968,3.903384,3.942326,3.999296,4.063871,4.100307,4.122101
2007-02-15,3.842797,3.881548,3.883308,3.891503,3.907003,3.947594,4.005973,4.071450,4.108192,4.130131
2007-02-14,3.853073,3.907307,3.920927,3.937149,3.957557,4.001636,4.057624,4.115549,4.146775,4.165220
2007-02-13,3.850812,3.917607,3.932320,3.946154,3.964283,4.006941,4.066523,4.133427,4.171186,4.193773
2007-02-12,3.841579,3.909020,3.924863,3.939232,3.957515,3.999935,4.058771,4.124628,4.161756,4.183962
2007-02-09,3.847408,3.905878,3.915567,3.925648,3.940473,3.977511,4.031102,4.092581,4.127676,4.148756
2007-02-08,3.842313,3.890652,3.895249,3.902249,3.914771,3.948390,3.998707,4.057411,4.091191,4.111539
2007-02-07,3.819905,3.861335,3.863585,3.871101,3.885721,3.925118,3.983322,4.050112,4.088105,4.110892
2007-02-06,3.807679,3.852775,3.858158,3.868383,3.885553,3.929364,3.992156,4.062866,4.102689,4.126493
2007-02-05,3.792015,3.839269,3.846734,3.858811,3.877769,3.924784,3.991053,4.064904,4.106268,4.130949
2007-02-02,3.805930,3.867268,3.885948,3.905931,3.929673,3.979484,4.041700,4.105500,4.139764,4.159982
2007-02-01,3.825250,3.880834,3.888839,3.899023,3.914856,3.954654,4.011762,4.076488,4.113128,4.135074
2007-01-31,3.844547,3.919548,3.934746,3.947090,3.963111,4.001617,4.056921,4.120660,4.157226,4.179226
2007-01-30,3.839479,3.914274,3.929400,3.941937,3.958333,3.997790,4.054405,4.119542,4.156863,4.179305
2007-01-29,3.837815,3.922943,3.944054,3.958194,3.974375,4.012063,4.066704,4.131160,4.168802,4.191600
2007-01-26,3.836705,3.921834,3.942152,3.954748,3.968790,4.001558,4.049620,4.107095,4.140994,4.161616
2007-01-25,3.820621,3.892633,3.905449,3.913912,3.925355,3.954990,4.000628,4.056339,4.089477,4.109695
2007-01-24,3.816530,3.885055,3.895311,3.902055,3.912121,3.939557,3.982937,4.036664,4.068867,4.088573
2007-01-23,3.806196,3.869170,3.878868,3.885459,3.895519,3.923159,3.966955,4.021192,4.053685,4.073566
2007-01-22,3.807833,3.874448,3.884745,3.891989,3.903023,3.933153,3.980657,4.039253,4.074260,4.095648
2007-01-19,3.810079,3.877265,3.887846,3.895501,3.907126,3.938695,3.988226,4.049075,4.085329,4.107451
2007-01-18,3.810341,3.887581,3.903809,3.916170,3.932236,3.971833,4.030439,4.099837,4.140329,4.164834
2007-01-17,3.792430,3.857104,3.866931,3.875665,3.889333,3.925875,3.981994,4.049559,4.089274,4.113375
2007-01-16,3.792185,3.855682,3.865246,3.874076,3.887976,3.925041,3.981723,4.049683,4.089520,4.113670
2007-01-15,3.801056,3.863529,3.871940,3.880988,3.895887,3.935732,3.996206,4.067990,4.109762,4.135006
2007-01-12,3.796629,3.859023,3.867333,3.876989,3.892931,3.935226,3.998835,4.073708,4.117037,4.143165
2007-01-11,3.775012,3.832713,3.837606,3.843827,3.856751,3.894846,3.955974,4.031189,4.075852,4.103038
2007-01-10,3.802358,3.859640,3.862313,3.865748,3.875397,3.906779,3.959881,4.027547,4.068576,4.093753
2007-01-09,3.782025,3.838873,3.841421,3.844664,3.854142,3.885308,3.938332,4.006142,4.047348,4.072662
2007-01-08,3.773973,3.832472,3.835429,3.838304,3.846959,3.876015,3.926215,3.991210,4.031032,4.055583
2007-01-05,3.780524,3.841393,3.844647,3.847169,3.855138,3.882529,3.930591,3.993554,4.032424,4.056464
2007-01-04,3.758976,3.804873,3.805317,3.808691,3.818384,3.848732,3.898214,3.959288,3.995585,4.017710
2007-01-03,3.749835,3.795493,3.796153,3.799482,3.808927,3.838508,3.886825,3.946581,3.982149,4.003848
2007-01-02,3.753696,3.804865,3.804954,3.806449,3.814175,3.841725,3.889969,3.952537,3.990849,4.014467
2006-12-29,3.762047,3.826286,3.829616,3.831137,3.837814,3.862705,3.908174,3.969329,4.007705,4.031604
2006-12-28,3.754602,3.817695,3.820321,3.820703,3.826068,3.848930,3.893483,3.956092,3.996484,4.021941
2006-12-27,3.750779,3.816514,3.816811,3.812570,3.813038,3.828043,3.867083,3.930457,3.974958,4.004105
2006-12-22,3.732185,3.786280,3.784021,3.780201,3.781963,3.799547,3.840315,3.902473,3.944444,3.971431
2006-12-21,3.721241,3.778650,3.778348,3.775715,3.778394,3.797457,3.839834,3.903507,3.946209,3.973588
2006-12-20,3.710137,3.767039,3.766398,3.763454,3.765896,3.784715,3.827118,3.891219,3.934354,3.962055
2006-12-19,3.697850,3.755888,3.756290,3.753495,3.755545,3.772907,3.813062,3.874823,3.916871,3.944032
2006-12-18,3.689889,3.739130,3.735061,3.729677,3.729801,3.744129,3.780969,3.839506,3.879946,3.906235
2006-12-15,3.661932,3.700772,3.692852,3.685527,3.684440,3.697226,3.732655,3.789856,3.829583,3.855462
2006-12-14,3.669129,3.708074,3.699847,3.692304,3.690985,3.703238,3.737883,3.794154,3.833345,3.858907
2006-12-13,3.649700,3.673238,3.657619,3.646567,3.643827,3.656324,3.693908,3.754913,3.797096,3.824482
2006-12-12,3.642477,3.665906,3.650779,3.640464,3.638817,3.653993,3.695322,3.760292,3.804460,3.832916
2006-12-11,3.636312,3.660848,3.646223,3.636459,3.635629,3.652905,3.697346,3.765866,3.811977,3.841547
2006-12-08,3.610037,3.619983,3.601625,3.591931,3.592196,3.611438,3.656162,3.721155,3.763271,3.789837
2006-12-07,3.607579,3.614657,3.594525,3.584762,3.586032,3.608618,3.658397,3.728835,3.773752,3.801885
2006-12-06,3.583696,3.590295,3.570278,3.561537,3.564534,3.591284,3.646528,3.722349,3.769874,3.799431
2006-12-05,3.564684,3.561935,3.538659,3.529719,3.534044,3.564938,3.625815,3.706883,3.756744,3.787515
2006-12-04,3.548254,3.548631,3.528524,3.522624,3.529871,3.565735,3.631388,3.715746,3.766646,3.797834
2006-12-01,3.590182,3.591974,3.567939,3.558020,3.561385,3.590545,3.649515,3.728886,3.777957,3.808293
2006-11-30,3.596507,3.601739,3.579138,3.569777,3.573158,3.601548,3.658863,3.736060,3.783830,3.813375
2006-11-29,3.586077,3.591506,3.569211,3.560431,3.564576,3.594585,3.653818,3.732736,3.781280,3.811235
2006-11-28,3.577524,3.582148,3.560277,3.552464,3.557901,3.590598,3.652878,3.734318,3.783886,3.814349
2006-11-27,3.599614,3.616974,3.597590,3.589359,3.593512,3.623345,3.682673,3.762341,3.811607,3.842066
2006-11-24,3.600405,3.607261,3.582981,3.572351,3.575016,3.602909,3.660384,3.738238,3.786503,3.816367
2006-11-23,3.617061,3.639385,3.622569,3.614733,3.617543,3.641997,3.692113,3.760466,3.803133,3.829624
2006-11-22,3.590276,3.607263,3.589748,3.583039,3.587698,3.616110,3.670601,3.742269,3.786074,3.813052
2006-11-21,3.604233,3.622681,3.603356,3.594377,3.596547,3.620062,3.668800,3.735090,3.776317,3.801877
2006-11-20,3.592665,3.612394,3.594709,3.587349,3.591144,3.617628,3.669571,3.738551,3.780921,3.807066
2006-11-17,3.623352,3.646323,3.628527,3.620211,3.622402,3.645040,3.692000,3.756127,3.796138,3.820977
2006-11-16,3.628283,3.647226,3.625261,3.614484,3.615521,3.638179,3.687568,3.756234,3.799431,3.826319
2006-11-15,3.628725,3.649924,3.629170,3.619215,3.620873,3.644414,3.694565,3.763744,3.807105,3.834059
2006-11-14,3.610557,3.624689,3.601343,3.590491,3.592042,3.616298,3.667884,3.738646,3.782804,3.810204
2006-11-13,3.615332,3.636655,3.616306,3.607091,3.609760,3.635516,3.688383,3.760082,3.804609,3.832187
2006-11-10,3.616214,3.629765,3.606185,3.595586,3.597659,3.623244,3.676656,3.749321,3.794461,3.822416
2006-11-09,3.648403,3.673019,3.651786,3.640456,3.640167,3.659199,3.703333,3.766246,3.806355,3.831456
2006-11-08,3.634404,3.658682,3.640364,3.631521,3.633044,3.654323,3.699860,3.763029,3.802801,3.827580
2006-11-07,3.626395,3.650084,3.633168,3.625874,3.628883,3.652742,3.700915,3.766137,3.806688,3.831831
2006-11-06,3.629152,3.665182,3.655865,3.653775,3.660683,3.689765,3.741663,3.808226,3.848500,3.873218
2006-11-03,3.616196,3.638014,3.623087,3.619514,3.626982,3.659569,3.717270,3.790194,3.833820,3.860470
2006-11-02,3.582345,3.598956,3.585704,3.583883,3.592352,3.624887,3.679804,3.747191,3.786850,3.810957
2006-11-01,3.557405,3.577170,3.567494,3.568668,3.579752,3.616402,3.675034,3.744953,3.785503,3.810032
2006-10-31,3.596784,3.638491,3.633186,3.632869,3.640184,3.668204,3.717355,3.780328,3.818514,3.841991
2006-10-30,3.575118,3.591675,3.584522,3.588501,3.601562,3.639534,3.696221,3.760728,3.797183,3.819058
2006-10-27,3.574097,3.593625,3.588030,3.593875,3.608961,3.650635,3.711163,3.778823,3.816696,3.839352
2006-10-26,3.579066,3.614782,3.618422,3.630895,3.651034,3.699325,3.764258,3.833537,3.871433,3.893950
2006-10-25,3.577530,3.618547,3.625497,3.641101,3.664144,3.717064,3.786137,3.858342,3.897428,3.920583
2006-10-24,3.563977,3.606237,3.613269,3.628420,3.650876,3.702779,3.771005,3.842769,3.881752,3.904870
2006-10-23,3.556391,3.599760,3.608069,3.625234,3.650001,3.706211,3.778967,3.854587,3.895402,3.919561
2006-10-20,3.539065,3.573014,3.576246,3.590413,3.613475,3.668566,3.742129,3.820059,3.862499,3.887679
2006-10-19,3.522993,3.553080,3.558870,3.577673,3.605460,3.667772,3.746618,3.826754,3.869483,3.894700
2006-10-18,3.505474,3.529704,3.533556,3.551395,3.578550,3.639976,3.717914,3.797160,3.839418,3.864366
2006-10-17,3.510624,3.531699,3.531210,3.545072,3.569164,3.627212,3.704314,3.785264,3.829106,3.855082
2006-10-16,3.522905,3.552284,3.554419,3.569542,3.594473,3.653793,3.732357,3.814887,3.859612,3.886107
2006-10-13,3.525948,3.558775,3.560896,3.574377,3.597142,3.652408,3.727006,3.806613,3.850125,3.875967
2006-10-12,3.512398,3.541652,3.540784,3.552161,3.573675,3.628296,3.704162,3.786679,3.832218,3.859332
2006-10-11,3.514162,3.544803,3.543154,3.553516,3.574231,3.628124,3.704312,3.788263,3.834912,3.862739
2006-10-10,3.505753,3.531305,3.527797,3.538012,3.559403,3.615426,3.694547,3.781448,3.829622,3.858334
2006-10-09,3.489393,3.505856,3.498540,3.507220,3.528189,3.584787,3.665605,3.754721,3.804186,3.833679
2006-10-06,3.471703,3.473904,3.463557,3.473481,3.497175,3.559489,3.646016,3.739088,3.790023,3.820273
2006-10-05,3.474617,3.473297,3.455315,3.457123,3.473775,3.526737,3.608317,3.702297,3.755607,3.787592
2006-10-04,3.473038,3.472606,3.456129,3.459440,3.477327,3.531786,3.613881,3.707150,3.759667,3.791109
2006-10-03,3.469588,3.478013,3.464137,3.468788,3.487703,3.543940,3.628231,3.723931,3.777828,3.810091
2006-10-02,3.491227,3.540684,3.533415,3.533648,3.545799,3.591508,3.671683,3.774606,3.837013,3.875304
2006-09-29,3.501512,3.521489,3.509581,3.511952,3.527161,3.576105,3.653457,3.744940,3.797700,3.829521
2006-09-28,3.494846,3.518157,3.503167,3.502367,3.515670,3.564436,3.646448,3.747476,3.807076,3.843277
2006-09-27,3.469322,3.489883,3.473778,3.472292,3.485320,3.534329,3.617504,3.720471,3.781378,3.818412
2006-09-26,3.462033,3.472879,3.460572,3.467184,3.488363,3.548999,3.638188,3.738255,3.794253,3.827700
2006-09-25,3.439429,3.458764,3.447160,3.453596,3.475511,3.540160,3.637677,3.749349,3.812548,3.850398
2006-09-22,3.484338,3.517521,3.502399,3.500971,3.514819,3.567245,3.656705,3.767891,3.833775,3.873823
2006-09-21,3.542357,3.599491,3.594097,3.594793,3.606714,3.651184,3.729391,3.830231,3.891565,3.929230
2006-09-20,3.532570,3.589755,3.584656,3.585483,3.597375,3.641500,3.718983,3.818842,3.879577,3.916880
2006-09-19,3.536287,3.603433,3.602918,3.605936,3.618811,3.663196,3.739643,3.837621,3.897123,3.933658
2006-09-18,3.556447,3.639975,3.646652,3.653208,3.667829,3.713161,3.788747,3.884587,3.942580,3.978144
2006-09-15,3.518595,3.585670,3.582352,3.582831,3.594259,3.638663,3.719037,3.825104,3.890585,3.931028
2006-09-14,3.531932,3.603372,3.603562,3.607345,3.621780,3.670872,3.755049,3.862679,3.927923,3.967925
2006-09-13,3.534577,3.601723,3.604046,3.613962,3.635700,3.697817,3.793571,3.906930,3.972512,4.012022
2006-09-12,3.539282,3.611048,3.612941,3.620799,3.640227,3.698747,3.792274,3.906043,3.972935,4.013460
2006-09-11,3.523740,3.591498,3.590135,3.594907,3.611532,3.665742,3.755873,3.868279,3.935327,3.976170
2006-09-08,3.496929,3.556688,3.553747,3.559947,3.579361,3.639913,3.737386,3.855845,3.925362,3.967450
2006-09-07,3.512253,3.586952,3.594696,3.610148,3.637326,3.708652,3.813093,3.932494,4.000222,4.040745
2006-09-06,3.490929,3.559630,3.566694,3.583608,3.612872,3.687998,3.795662,3.916511,3.984322,4.024762
2006-09-05,3.460301,3.516519,3.516610,3.529229,3.556008,3.629592,3.738934,3.864345,3.935496,3.978076
2006-09-04,3.442463,3.493859,3.491840,3.503474,3.529869,3.603559,3.713759,3.840513,3.912516,3.955629
2006-09-01,3.444133,3.495881,3.494901,3.508230,3.536427,3.613089,3.725730,3.853632,3.925756,3.968835
2006-08-31,3.432164,3.504314,3.507795,3.518561,3.542719,3.613569,3.725374,3.860299,3.939234,3.986940
2006-08-30,3.415163,3.487730,3.502509,3.526845,3.562864,3.648586,3.765421,3.892154,3.962000,4.003442
2006-08-29,3.417974,3.490983,3.507391,3.535058,3.574965,3.667715,3.791353,3.923026,3.994834,4.037292
2006-08-28,3.403095,3.471160,3.487348,3.516634,3.558705,3.655428,3.782750,3.916846,3.989523,4.032421
2006-08-25,3.401119,3.471027,3.486427,3.514418,3.555411,3.651130,3.778880,3.914892,3.989026,4.032845
2006-08-24,3.405965,3.477512,3.492399,3.519408,3.559322,3.653164,3.779155,3.913923,3.987566,4.031128
2006-08-23,3.403946,3.495110,3.510473,3.529155,3.559427,3.639513,3.760216,3.902545,3.984855,4.034384
2006-08-22,3.397992,3.489271,3.509695,3.535163,3.571318,3.657348,3.775718,3.905498,3.977482,4.020260
2006-08-21,3.457085,3.566604,3.588763,3.610525,3.640963,3.715679,3.823114,3.946003,4.015955,4.057864
2006-08-18,3.465433,3.592634,3.623301,3.648994,3.681289,3.757248,3.864815,3.987492,4.057341,4.099186
2006-08-17,3.447637,3.576608,3.609263,3.636672,3.670652,3.749817,3.861193,3.987654,4.059473,4.102456
2006-08-16,3.450222,3.584988,3.622996,3.655522,3.694009,3.779749,3.895884,4.023981,4.095530,4.138111
2006-08-15,3.444950,3.587419,3.631809,3.669513,3.712087,3.803163,3.922524,4.051057,4.121919,4.163921
2006-08-14,3.455818,3.610883,3.661759,3.702791,3.747043,3.839109,3.957837,4.084661,4.154343,4.195600
2006-08-11,3.423985,3.572975,3.623134,3.663874,3.707923,3.799812,3.918652,4.045916,4.115957,4.157465
2006-08-10,3.400033,3.529621,3.573249,3.614367,3.661536,3.761062,3.888232,4.021742,4.094254,4.137054
2006-08-09,3.408390,3.539827,3.582283,3.622352,3.668652,3.766803,3.892582,4.024844,4.096730,4.139169
2006-08-08,3.391270,3.517922,3.558530,3.597616,3.643357,3.741030,3.866736,3.999230,4.071328,4.113915
2006-08-07,3.386498,3.516521,3.558911,3.598948,3.645222,3.743364,3.869189,4.001560,4.073537,4.116044
2006-08-04,3.380971,3.513187,3.554902,3.593479,3.638180,3.733711,3.857302,3.988366,4.059961,4.102306
2006-08-03,3.386264,3.544577,3.603015,3.651374,3.701807,3.802340,3.926616,4.055000,4.124301,4.165150
2006-08-02,3.346872,3.498610,3.555678,3.604620,3.656972,3.763294,3.896568,4.035456,4.110709,4.155090
2006-08-01,3.345788,3.502309,3.562756,3.613865,3.667555,3.775016,3.908198,4.045941,4.120301,4.164112
2006-07-31,3.338044,3.499132,3.559007,3.605717,3.654447,3.755004,3.885782,4.027481,4.106079,4.152748
2006-07-28,3.320562,3.478034,3.536780,3.583787,3.633481,3.736464,3.870259,4.014756,4.094710,4.142146
2006-07-27,3.324469,3.489701,3.550779,3.597017,3.645448,3.747767,3.885074,4.038140,4.124448,4.175919
2006-07-26,3.350083,3.532897,3.601586,3.652911,3.704384,3.807777,3.940012,4.082046,4.160512,4.207026
2006-07-25,3.315782,3.488721,3.557537,3.609775,3.661873,3.765829,3.898283,4.040403,4.118938,4.165521
2006-07-24,3.320710,3.497148,3.566835,3.618486,3.669472,3.771224,3.901741,4.042984,4.121472,4.168112
2006-07-21,3.315986,3.495049,3.565974,3.618427,3.670126,3.773301,3.905776,4.049319,4.129140,4.176573
2006-07-20,3.336778,3.530299,3.605199,3.658068,3.708913,3.809657,3.939552,4.081541,4.160993,4.208294
2006-07-19,3.351301,3.556964,3.636333,3.691592,3.743867,3.845854,3.975666,4.116296,4.194606,4.241145
2006-07-18,3.331518,3.533890,3.614433,3.671759,3.726168,3.831741,3.964868,4.107769,4.186898,4.233842
2006-07-17,3.312758,3.505946,3.583794,3.641790,3.698340,3.809101,3.948296,4.096336,4.177740,4.225915
2006-07-14,3.308852,3.497023,3.573050,3.632191,3.690706,3.804333,3.943857,4.088508,4.166837,4.212999
2006-07-13,3.343278,3.547497,3.629454,3.691024,3.750036,3.861650,3.995877,4.133168,4.207041,4.250505
2006-07-12,3.362942,3.584272,3.670941,3.733368,3.791599,3.899984,4.029360,4.161504,4.232638,4.274499
2006-07-11,3.346690,3.564172,3.650848,3.713464,3.771779,3.880169,4.009486,4.141598,4.212744,4.254627
2006-07-10,3.356163,3.588412,3.675310,3.736244,3.794293,3.903521,4.030382,4.153467,4.217562,4.254980
2006-07-07,3.349538,3.578051,3.664474,3.725957,3.784849,3.895670,4.024009,4.148090,4.212581,4.250217
2006-07-06,3.353754,3.589406,3.682202,3.749097,3.812092,3.927548,4.057660,4.180975,4.244508,4.281512
2006-07-05,3.338633,3.580791,3.680162,3.752999,3.820641,3.941562,4.074209,4.197497,4.260502,4.297142
2006-07-04,3.305413,3.541441,3.636640,3.704480,3.768078,3.885678,4.020458,4.150066,4.217266,4.256452
2006-07-03,3.312195,3.550530,3.646092,3.713463,3.776450,3.893221,4.027702,4.157542,4.224977,4.264308
2006-06-30,3.309912,3.551793,3.649749,3.717488,3.780015,3.895804,4.030008,4.160486,4.228471,4.268145
2006-06-29,3.298559,3.532819,3.626579,3.693498,3.757045,3.876706,4.016550,4.153010,4.224202,4.265746
2006-06-28,3.311310,3.555189,3.655044,3.724303,3.788210,3.906635,4.044212,4.178281,4.248196,4.288985
2006-06-27,3.316472,3.558994,3.657174,3.725041,3.788052,3.905962,4.044321,4.180126,4.251164,4.292627
2006-06-26,3.285537,3.527654,3.630312,3.703359,3.771073,3.896165,4.040892,4.181571,4.254843,4.297563
2006-06-23,3.256744,3.497465,3.602771,3.679200,3.749984,3.879490,4.027543,4.170153,4.244133,4.287235
2006-06-22,3.229780,3.466259,3.570940,3.645225,3.713380,3.839225,3.986164,4.130437,4.205950,4.250037
2006-06-21,3.224988,3.458828,3.560569,3.632808,3.699666,3.824148,3.970240,4.113960,4.189230,4.233189
2006-06-20,3.198959,3.421473,3.520084,3.591037,3.657164,3.781030,3.927282,4.071791,4.147629,4.191958
2006-06-19,3.185478,3.403334,3.503128,3.576170,3.644237,3.771094,3.920186,4.067117,4.144140,4.189148
2006-06-16,3.153429,3.362610,3.460343,3.534383,3.604659,3.736501,3.891448,4.043869,4.123689,4.170322
2006-06-15,3.158456,3.374209,3.474986,3.549831,3.619824,3.750140,3.902970,4.053353,4.132132,4.178159
2006-06-14,3.135449,3.336325,3.427212,3.496331,3.563469,3.692809,3.848402,4.003791,4.085699,4.133625
2006-06-13,3.113334,3.306838,3.398521,3.471790,3.543800,3.681304,3.843850,4.003750,4.087432,4.136315
2006-06-12,3.121629,3.326941,3.424921,3.500742,3.573340,3.709890,3.870339,4.028009,4.110517,4.158708
2006-06-09,3.124536,3.338341,3.440051,3.517001,3.589586,3.725254,3.884698,4.041791,4.124119,4.172212
2006-06-08,3.162926,3.394860,3.501760,3.580420,3.653380,3.787728,3.943147,4.094316,4.173054,4.218981
2006-06-07,3.210811,3.439129,3.540156,3.615071,3.685868,3.817732,3.970492,4.118525,4.195439,4.240272
2006-06-06,3.199883,3.426619,3.526610,3.600485,3.670275,3.800412,3.951320,4.097567,4.173550,4.217854
2006-06-05,3.173181,3.383358,3.473155,3.541546,3.608775,3.738048,3.890866,4.040292,4.118174,4.163632
2006-06-02,3.155660,3.363970,3.455099,3.526399,3.596712,3.730631,3.886642,4.037363,4.115497,4.161057
2006-06-01,3.172675,3.391943,3.492195,3.571073,3.647181,3.787961,3.947319,4.098210,4.175754,4.220869
2006-05-31,3.152858,3.370065,3.468200,3.546181,3.622306,3.764363,3.926126,4.079805,4.158886,4.204908
2006-05-30,3.126559,3.329594,3.422287,3.499379,3.576685,3.722891,3.890332,4.049706,4.131761,4.179521
2006-05-29,3.095750,3.292303,3.383391,3.459945,3.537131,3.683861,3.852829,4.014337,4.097653,4.146177
2006-05-26,3.077916,3.268524,3.358573,3.435656,3.513675,3.661588,3.830939,3.991958,4.074836,4.123101
2006-05-25,3.076364,3.265679,3.355536,3.433342,3.512397,3.662167,3.833120,3.995182,4.078482,4.126977
2006-05-24,3.073274,3.266583,3.359290,3.439624,3.520639,3.672458,3.843691,4.004582,4.086978,4.134918
2006-05-23,3.083402,3.277040,3.372594,3.457599,3.543293,3.701828,3.877402,4.039980,4.122717,4.170784
2006-05-22,3.076800,3.265400,3.360031,3.446145,3.533636,3.695695,3.874870,4.040457,4.124645,4.173539
2006-05-19,3.100299,3.308866,3.415580,3.508021,3.598611,3.762578,3.941332,4.105367,4.188529,4.236773
2006-05-18,3.092028,3.312449,3.429111,3.527058,3.620661,3.788060,3.970346,4.138133,4.223299,4.272682
2006-05-17,3.110041,3.342299,3.465278,3.567156,3.662797,3.830211,4.008335,4.169553,4.250864,4.297969
2006-05-16,3.089969,3.317417,3.438884,3.540009,3.634232,3.796339,3.964748,4.114322,4.189295,4.232760
2006-05-15,3.106203,3.342690,3.469575,3.574659,3.671669,3.836683,4.006112,4.155427,4.230057,4.273286
2006-05-12,3.140847,3.393018,3.518820,3.616849,3.705417,3.855272,4.009269,4.145170,4.213164,4.252588
2006-05-11,3.152154,3.421918,3.552529,3.648386,3.732556,3.874303,4.021443,4.152720,4.218668,4.256931
2006-05-10,3.130572,3.389592,3.512575,3.602382,3.682056,3.818657,3.963248,4.093893,4.159825,4.198129
2006-05-09,3.143721,3.410881,3.537606,3.628772,3.708518,3.843641,3.985354,4.112711,4.176867,4.214128
2006-05-08,3.117042,3.384903,3.512932,3.604354,3.684076,3.819900,3.964165,4.095305,4.161656,4.200214
2006-05-05,3.109333,3.374017,3.500740,3.591808,3.671828,3.809351,3.956758,4.091632,4.160031,4.199785
2006-05-04,3.113752,3.393515,3.530729,3.628166,3.711043,3.847529,3.987483,4.111771,4.174164,4.210395
2006-05-03,3.097384,3.370117,3.504108,3.600555,3.683601,3.821677,3.964189,4.091155,4.154956,4.192013
2006-05-02,3.113987,3.384069,3.512774,3.604129,3.683031,3.815575,3.953948,4.078088,4.140614,4.176951
2006-04-28,3.104671,3.381127,3.513523,3.604743,3.681455,3.808219,3.939767,4.057755,4.117221,4.151803
2006-04-27,3.110205,3.386412,3.521405,3.618921,3.702796,3.841099,3.981875,4.105892,4.167966,4.204004
2006-04-26,3.105504,3.382004,3.522322,3.627508,3.717340,3.859547,3.996017,4.111348,4.168381,4.201474
2006-04-25,3.054464,3.340700,3.491614,3.602174,3.694917,3.841791,3.985224,4.108500,4.169765,4.205314
2006-04-24,3.007723,3.282920,3.425450,3.525939,3.610807,3.753434,3.907443,4.051371,4.125150,4.168103
2006-04-21,3.000328,3.271468,3.411892,3.511286,3.595665,3.738304,3.893200,4.038513,4.113117,4.156565
2006-04-20,3.005310,3.281031,3.422998,3.522552,3.606557,3.748183,3.902026,4.046553,4.120805,4.164050
2006-04-19,3.004257,3.287641,3.431636,3.531617,3.615636,3.757110,3.910762,4.055098,4.129244,4.172423
2006-04-18,3.005930,3.294560,3.439692,3.539135,3.622109,3.761624,3.913594,4.056875,4.130604,4.173554
2006-04-13,3.005382,3.293945,3.442895,3.542953,3.624374,3.760122,3.910711,4.056875,4.133248,4.177860
2006-04-12,2.973916,3.244330,3.383730,3.476486,3.551866,3.679312,3.824888,3.970336,4.047464,4.092698
2006-04-11,2.982390,3.248921,3.385219,3.476375,3.551465,3.680742,3.831018,3.982942,4.063914,4.111432
2006-04-10,2.981061,3.254656,3.395861,3.491327,3.570305,3.705861,3.862073,4.018679,4.101785,4.150479
2006-04-07,2.967845,3.234375,3.376016,3.475646,3.560046,3.705763,3.872019,4.036402,4.122981,4.173598
2006-04-06,2.978934,3.236549,3.363542,3.451846,3.528472,3.664515,3.821497,3.975785,4.056595,4.103833
2006-04-05,3.058822,3.287098,3.394768,3.473299,3.544483,3.671426,3.812202,3.943644,4.010817,4.049974
2006-04-04,3.064272,3.299600,3.409361,3.487560,3.556648,3.676275,3.804742,3.921839,3.981167,4.015747
2006-04-03,3.073800,3.316183,3.427851,3.505604,3.573113,3.688442,3.810951,3.921839,3.977893,4.010567
2006-03-31,3.038478,3.273521,3.382177,3.454445,3.516315,3.625692,3.750481,3.870855,3.933280,3.969802
2006-03-30,3.036222,3.273418,3.382836,3.454768,3.515823,3.623498,3.746737,3.866138,3.928188,3.964506
2006-03-29,3.018213,3.248626,3.355492,3.426276,3.486760,3.594128,3.717782,3.838130,3.900800,3.937504
2006-03-28,2.994191,3.222424,3.328747,3.398607,3.457873,3.563030,3.684968,3.804614,3.867171,3.903850
2006-03-27,2.927174,3.133658,3.232275,3.299497,3.358497,3.466812,3.596831,3.728016,3.797524,3.838394
2006-03-24,2.936952,3.156151,3.260531,3.329644,3.388605,3.494884,3.621714,3.749822,3.817783,3.857750
2006-03-23,2.934562,3.153075,3.256870,3.325193,3.383321,3.488300,3.614286,3.742262,3.810342,3.850404
2006-03-22,2.935701,3.157019,3.259810,3.325506,3.380623,3.480401,3.601640,3.726206,3.792823,3.832077
2006-03-21,2.944670,3.176851,3.286742,3.356975,3.414953,3.517629,3.640200,3.765023,3.831559,3.870726
2006-03-20,2.931791,3.163250,3.273746,3.343803,3.400949,3.501555,3.622246,3.746351,3.812881,3.852102
2006-03-17,2.941824,3.191578,3.307375,3.378138,3.434536,3.533043,3.651540,3.773904,3.839616,3.878361
2006-03-16,2.914165,3.157436,3.274274,3.346799,3.404532,3.505187,3.627587,3.756450,3.826497,3.867915
2006-03-15,2.900463,3.140605,3.256880,3.330196,3.389348,3.493274,3.619829,3.752935,3.825250,3.868000
2006-03-14,2.884237,3.113917,3.227962,3.303417,3.366482,3.478583,3.613485,3.752824,3.827782,3.871983
2006-03-13,2.899678,3.140183,3.261438,3.341274,3.406700,3.519940,3.652981,3.788405,3.860807,3.903437
2006-03-10,2.887428,3.124077,3.246396,3.328479,3.396133,3.512820,3.648965,3.786964,3.860642,3.904010
2006-03-09,2.875755,3.105374,3.222609,3.300691,3.365047,3.476602,3.607543,3.740691,3.811862,3.853793
2006-03-08,2.877111,3.108008,3.224480,3.300579,3.362394,3.468686,3.593255,3.720036,3.787846,3.827820
2006-03-07,2.866574,3.093686,3.208983,3.283419,3.342729,3.442815,3.558826,3.676543,3.739494,3.776636
2006-03-06,2.864513,3.089138,3.202581,3.275490,3.333629,3.432458,3.548417,3.667365,3.731314,3.769088
2006-03-03,2.862827,3.089749,3.205440,3.279741,3.338501,3.437258,3.552151,3.669655,3.732796,3.770094
2006-03-02,2.839960,3.054433,3.163663,3.235819,3.295014,3.397863,3.519694,3.644765,3.711971,3.751662
2006-03-01,2.815415,3.021904,3.122416,3.186054,3.238323,3.334014,3.457618,3.594803,3.671571,3.717358
2006-02-28,2.799414,3.004269,3.106241,3.172604,3.227802,3.328248,3.455542,3.594273,3.671172,3.716923
2006-02-27,2.789541,2.993578,3.100228,3.171403,3.230228,3.334640,3.463778,3.602989,3.679942,3.725704
2006-02-24,2.770087,2.966178,3.071055,3.143055,3.203662,3.311992,3.445618,3.588956,3.667996,3.714972
2006-02-23,2.763077,2.954076,3.054893,3.124060,3.182846,3.289486,3.422769,3.566743,3.646345,3.693690
2006-02-22,2.730262,2.909135,3.008395,3.079675,3.141486,3.253557,3.391909,3.539772,3.621161,3.669528
2006-02-21,2.720496,2.901758,3.008000,3.086700,3.154948,3.276128,3.421445,3.573549,3.656510,3.705689
2006-02-20,2.694251,2.869197,2.975987,3.057179,3.128096,3.253462,3.402411,3.557389,3.641770,3.691782
2006-02-17,2.706340,2.894546,3.007107,3.090967,3.163196,3.289512,3.438317,3.592144,3.675584,3.724976
2006-02-16,2.721564,2.919588,3.037557,3.124502,3.198426,3.325734,3.473335,3.624065,3.705324,3.753346
2006-02-15,2.713792,2.892528,3.006346,3.102054,3.188571,3.333578,3.482390,3.614436,3.680937,3.719794
2006-02-14,2.721664,2.915951,3.029653,3.115572,3.190598,3.321047,3.469081,3.614457,3.690971,3.735953
2006-02-13,2.720415,2.912590,3.023956,3.107759,3.180950,3.308436,3.453299,3.595541,3.670385,3.714396
2006-02-10,2.708024,2.887977,2.991511,3.070740,3.141412,3.266892,3.411182,3.553354,3.628198,3.672229
2006-02-09,2.727755,2.921215,3.032599,3.118650,3.195138,3.327917,3.474503,3.613363,3.685109,3.727158
2006-02-08,2.724423,2.918885,3.029330,3.114669,3.191050,3.324872,3.473880,3.615757,3.689190,3.732230
2006-02-07,2.718722,2.912801,3.020016,3.100019,3.170999,3.297670,3.444618,3.590300,3.667150,3.712351
2006-02-06,2.727885,2.926561,3.031221,3.107379,3.174820,3.296097,3.437821,3.578590,3.652834,3.696510
2006-02-03,2.737743,2.949281,3.064177,3.147225,3.218706,3.342487,3.482075,3.617628,3.688483,3.730094
2006-02-02,2.744973,2.963547,3.082441,3.167521,3.239741,3.362869,3.499729,3.631383,3.699940,3.740179
2006-02-01,2.729055,2.936580,3.048494,3.127719,3.195497,3.314966,3.455427,3.597905,3.674029,3.718926
2006-01-31,2.727636,2.932446,3.040627,3.116516,3.181929,3.299639,3.441851,3.589338,3.668977,3.716048
2006-01-30,2.724128,2.928829,3.036901,3.112896,3.178610,3.297212,3.440792,3.589846,3.670361,3.717949
2006-01-27,2.698108,2.894368,3.002670,3.082616,3.153292,3.280558,3.431516,3.584846,3.666759,3.715052
2006-01-26,2.684964,2.873148,2.976823,3.055083,3.125847,3.255295,3.409628,3.566013,3.649365,3.698480
2006-01-25,2.691384,2.878040,2.975589,3.047386,3.112263,3.231711,3.374398,3.518226,3.594577,3.639569
2006-01-24,2.678623,2.859660,2.954318,3.024099,3.087411,3.204795,3.346282,3.489996,3.566574,3.611748
2006-01-23,2.682056,2.862039,2.956959,3.026767,3.089791,3.206364,3.347202,3.490943,3.567754,3.613093
2006-01-20,2.677933,2.849453,2.936155,3.000023,3.059224,3.172142,3.311636,3.455367,3.532390,3.577889
2006-01-19,2.674391,2.845446,2.932923,2.997530,3.057161,3.170193,3.309106,3.451849,3.528269,3.573409
2006-01-18,2.646006,2.803321,2.883015,2.942807,2.999197,3.108092,3.243432,3.383052,3.457889,3.502134
2006-01-17,2.625183,2.768116,2.841140,2.900755,2.960512,3.078951,3.225610,3.374661,3.453862,3.500590
2006-01-16,2.637020,2.782895,2.854971,2.913000,2.971324,3.087612,3.232102,3.378957,3.456946,3.502954
2006-01-13,2.636490,2.783860,2.854432,2.910401,2.966801,3.080052,3.221551,3.365666,3.442238,3.487423
2006-01-12,2.637455,2.783544,2.856005,2.914150,2.972176,3.086843,3.227962,3.370278,3.445588,3.489998
2006-01-11,2.663220,2.817691,2.890196,2.946751,3.003189,3.115375,3.253748,3.392996,3.466543,3.509891
2006-01-10,2.635107,2.783434,2.855804,2.914450,2.973623,3.091042,3.235119,3.379642,3.455902,3.500839
2006-01-09,2.608564,2.745414,2.816012,2.877606,2.941187,3.066424,3.216724,3.364456,3.441715,3.487172
2006-01-06,2.605735,2.740731,2.813287,2.879498,2.948506,3.083260,3.242271,3.396351,3.476429,3.523469
2006-01-05,2.607188,2.737030,2.807023,2.873186,2.943447,3.081533,3.244234,3.401281,3.482739,3.530564
2006-01-04,2.627356,2.764221,2.835048,2.901816,2.973024,3.112926,3.276815,3.433951,3.515194,3.562851
2006-01-03,2.687289,2.852523,2.923984,2.984176,3.049315,3.185158,3.356405,3.530469,3.622748,3.677019
2006-01-02,2.687890,2.859569,2.932585,2.990801,3.052890,3.184172,3.354352,3.531925,3.627297,3.683531
